﻿{
  "ambientocclusion": false,
  "parent": "bluepower:item/stone_tile",
  "textures": {
    "bluestone_torch_on": "bluepower:blocks/bluestone_torch_on",
    "gate": "bluepower:blocks/gates/gate",
    "bluestone_on": "bluepower:base/bluestone_on"
  },
  "display": {
    "gui": {
      "rotation": [ 30, 45, 0 ],
      "translation": [ 0, 2, 0 ],
      "scale": [ 0.8, 0.8, 0.8 ]
    }
  },
  "elements": [
    {
      "name": "Element",
      "from": [ 7, 3, 6 ],
      "to": [ 9, 9, 10 ],
      "shade": false,
      "faces": {
        "east": { "texture": "#bluestone_torch_on", "uv": [ 6, 5, 10, 11 ] },
        "west": { "texture": "#bluestone_torch_on", "uv": [ 6, 5, 10, 11 ] }
      }
    },
    {
      "name": "Element",
      "from": [ 6, 3, 7 ],
      "to": [ 10, 9, 9 ],
      "shade": false,
      "faces": {
        "north": { "texture": "#bluestone_torch_on", "uv": [ 6, 5, 10, 11 ] },
        "south": { "texture": "#bluestone_torch_on", "uv": [ 6, 5, 10, 11 ] }
      }
    },
    {
      "name": "Tile",
      "from": [ 3, 0, 3 ],
      "to": [ 13, 3, 13 ],
      "faces": {
        "north": { "texture": "#gate", "uv": [ 3, 1, 13, 3 ] },
        "east": { "texture": "#gate", "uv": [ 2, 4, 12, 6 ] },
        "south": { "texture": "#gate", "uv": [ 2, 7, 12, 9 ] },
        "west": { "texture": "#gate", "uv": [ 2, 6, 12, 8 ] },
        "up": { "texture": "#gate", "uv": [ 2, 2, 12, 12 ] },
        "down": { "texture": "#gate", "uv": [ 2, 2, 12, 12 ] }
      }
    },
    {
      "name": "Wire",
      "from": [ 9, 3, 7 ],
      "to": [ 13, 4, 9 ],
      "faces": {
        "north": { "texture": "#bluestone_on", "uv": [ 0, 0, 6, 1 ] },
        "east": { "texture": "#bluestone_on", "uv": [ 0, 0, 2, 1 ] },
        "south": { "texture": "#bluestone_on", "uv": [ 0, 0, 6, 1 ] },
        "west": { "texture": "#bluestone_on", "uv": [ 0, 0, 2, 1 ] },
        "up": { "texture": "#bluestone_on", "uv": [ 0, 0, 6, 2 ] },
        "down": { "texture": "#bluestone_on", "uv": [ 0, 0, 6, 2 ] }
      }
    },
    {
      "name": "Torch",
      "from": [ 7, 3, 7 ],
      "to": [ 9, 8, 9 ],
      "faces": {
        "north": { "texture": "#bluestone_torch_on", "uv": [ 7, 6, 9, 11 ] },
        "east": { "texture": "#bluestone_torch_on", "uv": [ 7, 6, 9, 11 ] },
        "south": { "texture": "#bluestone_torch_on", "uv": [ 7, 6, 9, 11 ] },
        "west": { "texture": "#bluestone_torch_on", "uv": [ 7, 6, 9, 11 ] },
        "up": { "texture": "#bluestone_torch_on", "uv": [ 7, 6, 9, 8 ] },
        "down": { "texture": "#bluestone_torch_on", "uv": [ 7, 14, 9, 16 ] }
      }
    },
    {
      "name": "PointerTip",
      "from": [ 5, 4, 5 ],
      "to": [ 8, 5.4, 8 ],
      "faces": {
        "north": { "texture": "#gate", "uv": [ 8, 8, 11, 9.4 ] },
        "east": { "texture": "#gate", "uv": [ 6, 6, 9, 7.4 ] },
        "south": { "texture": "#gate", "uv": [ 6, 5, 9, 6.4 ] },
        "west": { "texture": "#gate", "uv": [ 6, 8, 9, 9.4 ] },
        "up": { "texture": "#gate", "uv": [ 6, 5, 9, 8 ] },
        "down": { "texture": "#gate", "uv": [ 5, 5, 8, 8 ] }
      }
    },
    {
      "name": "PointerBase",
      "from": [ 5.9, 4, 5.9 ],
      "to": [ 10.15, 5.4, 8.9 ],
      "rotation": { "origin": [ 8.0, 8.0, 8.0 ], "axis": "y", "angle": 45.0 },
      "faces": {
        "north": { "texture": "#gate", "uv": [ 5, 5, 9.25, 6.4 ] },
        "east": { "texture": "#gate", "uv": [ 5, 6, 8, 7.4 ] },
        "south": { "texture": "#gate", "uv": [ 4, 4, 8.25, 5.4 ] },
        "west": { "texture": "#gate", "uv": [ 4, 5, 7, 6.4 ] },
        "up": { "texture": "#gate", "uv": [ 3, 4, 7.25, 7 ] },
        "down": { "texture": "#gate", "uv": [ 4, 5, 8.25, 8 ] }
      }
    }
  ]
}
