﻿{
  "parent": "bluepower:item/stone_tile",
  "textures": {
    "wire": "bluepower:base/bluestone_on",
    "gate": "bluepower:blocks/gates/gate"
  },
  "elements": [
    {
      "name": "Wire",
      "from": [ 3, 3, 7 ],
      "to": [ 7, 4, 9 ],
      "faces": {
        "north": { "texture": "#wire", "uv": [ 0, 0, 7, 1 ] },
        "south": { "texture": "#wire", "uv": [ 0, 0, 7, 1 ] },
        "west": { "texture": "#wire", "uv": [ 0, 0, 2, 1 ] },
        "up": { "texture": "#wire", "uv": [ 0, 0, 7, 2 ] }
      }
    },
    {
      "name": "Tile",
      "from": [ 3, 0, 3 ],
      "to": [ 13, 3, 13 ],
      "faces": {
        "north": { "texture": "#gate", "uv": [ 3, 1, 13, 3 ] },
        "east": { "texture": "#gate", "uv": [ 2, 4, 12, 6 ] },
        "south": { "texture": "#gate", "uv": [ 2, 7, 12, 9 ] },
        "west": { "texture": "#gate", "uv": [ 2, 6, 12, 8 ] },
        "up": { "texture": "#gate", "uv": [ 2, 2, 12, 12 ] },
        "down": { "texture": "#gate", "uv": [ 2, 2, 12, 12 ] }
      }
    },
    {
      "name": "Wire",
      "from": [ 7, 3, 3 ],
      "to": [ 9, 4, 13 ],
      "faces": {
        "north": { "texture": "#wire", "uv": [ 0, 0, 2, 1 ] },
        "east": { "texture": "#wire", "uv": [ 0, 0, 16, 1 ] },
        "south": { "texture": "#wire", "uv": [ 0, 0, 2, 1 ] },
        "west": { "texture": "#wire", "uv": [ 0, 0, 16, 1 ] },
        "up": { "texture": "#wire", "uv": [ 0, 0, 2, 16 ] }
      }
    }
  ]
}
