{
	"credit": "Made with Blockbench",
	"parent": "block/block",
	"textures": {
		"log": "block/campfire_log",
		"particle": "block/campfire_log"
	},
	"elements": [
		{
			"from": [1, 0, 0],
			"to": [5, 4, 16],
			"faces": {
				"north": {"uv": [0, 4, 4, 8], "texture": "#log", "cullface": "north"},
				"east": {"uv": [0, 1, 16, 5], "texture": "#log"},
				"south": {"uv": [0, 4, 4, 8], "texture": "#log", "cullface": "south"},
				"west": {"uv": [16, 0, 0, 4], "texture": "#log"},
				"up": {"uv": [0, 0, 16, 4], "rotation": 90, "texture": "#log"},
				"down": {"uv": [0, 0, 16, 4], "rotation": 90, "texture": "#log", "cullface": "down"}
			}
		},
		{
			"from": [0, 3, 11],
			"to": [16, 7, 15],
			"faces": {
				"north": {"uv": [16, 0, 0, 4], "texture": "#log"},
				"east": {"uv": [0, 4, 4, 8], "texture": "#log", "cullface": "east"},
				"south": {"uv": [0, 0, 16, 4], "texture": "#log"},
				"west": {"uv": [0, 4, 4, 8], "texture": "#log", "cullface": "west"},
				"up": {"uv": [0, 0, 16, 4], "rotation": 180, "texture": "#log"},
				"down": {"uv": [0, 0, 16, 4], "texture": "#log"}
			}
		},
		{
			"from": [11, 0, 0],
			"to": [15, 4, 16],
			"faces": {
				"north": {"uv": [0, 4, 4, 8], "texture": "#log", "cullface": "north"},
				"east": {"uv": [0, 0, 16, 4], "texture": "#log"},
				"south": {"uv": [0, 4, 4, 8], "texture": "#log", "cullface": "south"},
				"west": {"uv": [16, 1, 0, 5], "texture": "#log"},
				"up": {"uv": [0, 0, 16, 4], "rotation": 90, "texture": "#log"},
				"down": {"uv": [0, 0, 16, 4], "rotation": 90, "texture": "#log", "cullface": "down"}
			}
		},
		{
			"from": [0, 3, 1],
			"to": [16, 7, 5],
			"faces": {
				"north": {"uv": [0, 0, 16, 4], "texture": "#log"},
				"east": {"uv": [0, 4, 4, 8], "texture": "#log", "cullface": "east"},
				"south": {"uv": [16, 0, 0, 4], "texture": "#log"},
				"west": {"uv": [0, 4, 4, 8], "texture": "#log", "cullface": "west"},
				"up": {"uv": [0, 0, 16, 4], "rotation": 180, "texture": "#log"},
				"down": {"uv": [0, 0, 16, 4], "texture": "#log"}
			}
		},
		{
			"from": [5, 0, 0],
			"to": [11, 1, 16],
			"faces": {
				"north": {"uv": [0, 15, 6, 16], "texture": "#log", "cullface": "north"},
				"south": {"uv": [10, 15, 16, 16], "texture": "#log", "cullface": "south"},
				"up": {"uv": [0, 8, 16, 14], "rotation": 90, "texture": "#log"},
				"down": {"uv": [0, 8, 16, 14], "rotation": 90, "texture": "#log", "cullface": "down"}
			}
		}
	],
	"display": {
		"thirdperson_righthand": {
			"rotation": [75, 45, 0],
			"translation": [0, 2.5, 0],
			"scale": [0.375, 0.375, 0.375]
		},
		"thirdperson_lefthand": {
			"rotation": [75, 45, 0],
			"translation": [0, 2.5, 0],
			"scale": [0.375, 0.375, 0.375]
		},
		"firstperson_righthand": {
			"rotation": [10, 45, 0],
			"translation": [0, 2.25, 0.5],
			"scale": [0.4, 0.4, 0.4]
		},
		"firstperson_lefthand": {
			"rotation": [10, 45, 0],
			"translation": [0, 2.25, 0.5],
			"scale": [0.4, 0.4, 0.4]
		},
		"ground": {
			"translation": [0, 3, 0],
			"scale": [0.25, 0.25, 0.25]
		},
		"gui": {
			"rotation": [30, -45, 0],
			"scale": [0.625, 0.625, 0.625]
		},
		"head": {
			"translation": [0, 15, 0]
		},
		"fixed": {
			"rotation": [-90, 0, 0],
			"translation": [0, 0, -4],
			"scale": [0.5, 0.5, 0.5]
		}
	}
}