{
    "parent": "block/block",
    "textures": {
        "foot_side": "bluepower:blocks/lamps/cage_foot_side",
        "foot_top": "bluepower:blocks/lamps/cage_foot_top",
        "cage_side": "bluepower:blocks/lamps/cage",
        "cage_top": "bluepower:blocks/lamps/cage_top",
        "lamp_side": "bluepower:blocks/lamps/cage_lamp_off",
        "lamp_top": "bluepower:blocks/lamps/cage_lamp_off_top",
        "particle": "bluepower:blocks/lamps/cage_foot_side"
    },
    "elements": [
        {
            "name": "Foot",
            "from": [ 3.0, 0.0, 3.0 ], 
            "to": [ 13.0, 2.0, 13.0 ], 
            "faces": {
                "north": { "texture": "#foot_side", "uv": [ 3.0, 14.0, 13.0, 16.0 ] },
                "east": { "texture": "#foot_side", "uv": [ 3.0, 14.0, 13.0, 16.0 ] },
                "south": { "texture": "#foot_side", "uv": [ 3.0, 14.0, 13.0, 16.0 ] },
                "west": { "texture": "#foot_side", "uv": [ 3.0, 14.0, 13.0, 16.0 ] },
                "up": { "texture": "#foot_top", "uv": [ 3.0, 3.0, 13.0, 13.0 ] },
                "down": { "texture": "#foot_top", "uv": [ 3.0, 3.0, 13.0, 13.0 ] }
            }
        },
        {
            "name": "Lamp",
            "from": [ 5.0, 2.0, 5.0 ], 
            "to": [ 11.0, 11.0, 11.0 ], 
            "faces": {
                "north": { "texture": "#lamp_side", "tintindex": 1, "uv": [ 5.0, 5.0, 11.0, 14.0 ] },
                "east": { "texture": "#lamp_side", "tintindex": 1, "uv": [ 5.0, 5.0, 11.0, 14.0 ] },
                "south": { "texture": "#lamp_side", "tintindex": 1, "uv": [ 5.0, 5.0, 11.0, 14.0 ] },
                "west": { "texture": "#lamp_side", "tintindex": 1, "uv": [ 5.0, 5.0, 11.0, 14.0 ] },
                "up": { "texture": "#lamp_top", "tintindex": 1, "uv": [ 5.0, 5.0, 11.0, 11.0 ] }
            }
        },
        {
            "from": [ 4.0, 2.0, 4.0 ],
            "to": [ 12.0, 12.0, 4.0 ],
            "faces": {
                "north": { "texture": "#cage_side", "uv": [ 4.0, 4.0, 12.0, 14.0 ] },
                "south": { "texture": "#cage_side", "uv": [ 4.0, 4.0, 12.0, 14.0 ] }
            }
        },
        {
            "from": [ 4.0, 2.0, 12.0 ],
            "to": [ 12.0, 12.0, 12.0 ],
            "faces": {
                "north": { "texture": "#cage_side", "uv": [ 4.0, 4.0, 12.0, 14.0 ] },
                "south": { "texture": "#cage_side", "uv": [ 4.0, 4.0, 12.0, 14.0 ] }
            }
        },
        {
            "from": [ 4.0, 2.0, 4.0 ],
            "to": [ 4.0, 12.0, 12.0 ],
            "faces": {
                "east": { "texture": "#cage_side", "uv": [ 4.0, 4.0, 12.0, 14.0 ] },
                "west": { "texture": "#cage_side", "uv": [ 4.0, 4.0, 12.0, 14.0 ] }
            }
        },
        {
            "from": [ 12.0, 2.0, 4.0 ],
            "to": [ 12.0, 12.0, 12.0 ],
            "faces": {
                "east": { "texture": "#cage_side", "uv": [ 4.0, 4.0, 12.0, 14.0 ] },
                "west": { "texture": "#cage_side", "uv": [ 4.0, 4.0, 12.0, 14.0 ] }
            }
        },
        {
            "from": [ 4.0, 12.0, 4.0 ],
            "to": [ 12.0, 12.0, 12.0 ],
            "faces": {
                "up": { "texture": "#cage_top", "uv": [ 4.0, 4.0, 12.0, 12.0 ] },
                "down": { "texture": "#cage_top", "uv": [ 4.0, 4.0, 12.0, 12.0 ] }
            }
        }
    ]
}