{
  "parent": "block/block",
  "textures": {
    "top": "#side",
    "bottom": "#side",
    "left": "#side",
    "right": "#side"
  },
  "elements": [
    {
      "from": [ 0.0, 0.0, 0.0 ],
      "to": [ 16.0, 16.0, 16.0 ],
      "faces": {
        "north": { "texture": "#front", "uv": [ 0.0, 0.0, 16.0, 16.0 ] },
        "east": { "texture": "#right", "uv": [ 0.0, 0.0, 16.0, 16.0 ], "rotation": 90 },
        "south": { "texture": "#back", "uv": [ 0.0, 0.0, 16.0, 16.0 ] },
        "west": { "texture": "#left", "uv": [ 0.0, 0.0, 16.0, 16.0 ], "rotation": 270 },
        "up": { "texture": "#top", "uv": [ 0.0, 0.0, 16.0, 16.0 ] },
        "down": { "texture": "#bottom", "uv": [ 0.0, 0.0, 16.0, 16.0 ], "rotation": 180 }
      }
    }
  ]
}
