{
    "parent": "block/block",
    "textures": {
        "foot_side": "bluepower:blocks/lamps/fixture_foot_side",
        "foot_top": "bluepower:blocks/lamps/fixture_foot_top",
        "lamp_side": "bluepower:blocks/lamps/fixture_lamp_off",
        "lamp_top": "bluepower:blocks/lamps/fixture_lamp_off_top",
        "particle": "bluepower:blocks/lamps/fixture_foot_side"
    },
    "elements": [
        {
            "name": "Foot",
            "from": [ 2.0, 0.0, 2.0 ], 
            "to": [ 14.0, 2.0, 14.0 ], 
            "faces": {
                "north": { "texture": "#foot_side", "uv": [ 2.0, 14.0, 14.0, 16.0 ] },
                "east": { "texture": "#foot_side", "uv": [ 2.0, 14.0, 14.0, 16.0 ] },
                "south": { "texture": "#foot_side", "uv": [ 2.0, 14.0, 14.0, 16.0 ] },
                "west": { "texture": "#foot_side", "uv": [ 2.0, 14.0, 14.0, 16.0 ] },
                "up": { "texture": "#foot_top", "uv": [ 2.0, 2.0, 14.0, 14.0 ] },
                "down": { "texture": "#foot_top", "uv": [ 2.0, 2.0, 14.0, 14.0 ] }
            }
        },
        {
            "name": "Lamp",
            "from": [ 3.0, 2.0, 3.0 ], 
            "to": [ 13.0, 8.0, 13.0 ], 
            "faces": {
                "north": { "texture": "#lamp_side", "tintindex": 1, "uv": [ 3.0, 8.0, 13.0, 14.0 ] },
                "east": { "texture": "#lamp_side", "tintindex": 1, "uv": [ 3.0, 8.0, 13.0, 14.0 ] },
                "south": { "texture": "#lamp_side", "tintindex": 1, "uv": [ 3.0, 8.0, 13.0, 14.0 ] },
                "west": { "texture": "#lamp_side", "tintindex": 1, "uv": [ 3.0, 8.0, 13.0, 14.0 ] },
                "up": { "texture": "#lamp_top", "tintindex": 1, "uv": [ 3.0, 3.0, 13.0, 13.0 ] }
            }
        }
    ]
}