{
    "ambientocclusion": false,
    "textures": {
        "bluestone_right": "bluepower:base/bluestone_off",
        "torch_right": "bluepower:blocks/bluestone_torch_on"
    },
    "display": {
        "gui": {
            "rotation": [ 30, 45, 0 ],
            "translation": [ 0, 0, 0 ],
            "scale": [ 0.625, 0.625, 0.625 ]
        },
        "ground": {
            "rotation": [ 0, 0, 0 ],
            "translation": [ 0, 3, 0 ],
            "scale": [ 0.25, 0.25, 0.25 ]
        },
        "fixed": {
            "rotation": [ 0, 180, 0 ],
            "translation": [ 0, 0, 0 ],
            "scale": [ 1, 1, 1 ]
        },
        "head": {
            "rotation": [ 0, 180, 0 ],
            "translation": [ 0, 0, 0 ],
            "scale": [ 1, 1, 1 ]
        },
        "firstperson_righthand": {
            "rotation": [ 0, 315, 0 ],
            "translation": [ 0, 2.5, 0 ],
            "scale": [ 0.4, 0.4, 0.4 ]
        },
        "thirdperson_righthand": {
            "rotation": [ 75, 315, 0 ],
            "translation": [ 0, 2.5, 0 ],
            "scale": [ 0.375, 0.375, 0.375 ]
        }
    },
    "elements": [
        {
            "name": "Torch_Right",
            "from": [ 6.5, 2, 10 ],
            "to": [ 8.5, 5, 12 ],
            "faces": {
                "up": { "texture": "#torch_right", "uv": [ 7, 6, 9, 8 ], "rotation": 90 }
            }
        },
        {
            "name": "AcrossWire",
            "from": [ 7, 2, 12 ], 
            "to": [ 8, 2.5, 16 ], 
            "faces": {
                "east": { "texture": "#bluestone_right", "uv": [ 0, 0, 4, 0.5 ] },
                "south": { "texture": "#bluestone_right", "uv": [ 0, 0, 1, 0.5 ] },
                "west": { "texture": "#bluestone_right", "uv": [ 0, 0, 4, 0.5 ] },
                "up": { "texture": "#bluestone_right", "uv": [ 0, 0, 4, 1 ], "rotation": 90 }
            }
        },
        {
            "name": "Right1",
            "from": [ 5.5, 2, 10 ], 
            "to": [ 9.5, 6, 12 ], 
            "shade": false,
            "faces": {
                "north": { "texture": "#torch_right", "uv": [ 6, 5, 10, 9 ] },
                "south": { "texture": "#torch_right", "uv": [ 6, 5, 10, 9 ] }
            }
        },
        {
            "name": "Right2",
            "from": [ 6.5, 2, 9 ], 
            "to": [ 8.5, 6, 13 ], 
            "shade": false,
            "faces": {
                "east": { "texture": "#torch_right", "uv": [ 6, 5, 10, 9 ] },
                "west": { "texture": "#torch_right", "uv": [ 6, 5, 10, 9 ] }
            }
        }
    ]
}