{
    "ambientocclusion": false,
    "textures": {
        "torch_front": "bluepower:blocks/bluestone_torch_off",
        "bluestone_front": "bluepower:base/bluestone_on"
    },
    "display": {
        "gui": {
            "rotation": [ 30, 45, 0 ],
            "translation": [ 0, 0, 0 ],
            "scale": [ 0.625, 0.625, 0.625 ]
        },
        "ground": {
            "rotation": [ 0, 0, 0 ],
            "translation": [ 0, 3, 0 ],
            "scale": [ 0.25, 0.25, 0.25 ]
        },
        "fixed": {
            "rotation": [ 0, 180, 0 ],
            "translation": [ 0, 0, 0 ],
            "scale": [ 1, 1, 1 ]
        },
        "head": {
            "rotation": [ 0, 180, 0 ],
            "translation": [ 0, 0, 0 ],
            "scale": [ 1, 1, 1 ]
        },
        "firstperson_righthand": {
            "rotation": [ 0, 315, 0 ],
            "translation": [ 0, 2.5, 0 ],
            "scale": [ 0.4, 0.4, 0.4 ]
        },
        "thirdperson_righthand": {
            "rotation": [ 75, 315, 0 ],
            "translation": [ 0, 2.5, 0 ],
            "scale": [ 0.375, 0.375, 0.375 ]
        }
    },
    "elements": [
        {
            "name": "Torch_Front",
            "from": [ 12.5, 2, 7 ],
            "to": [ 14.5, 6, 9 ],
            "faces": {
                "up": { "texture": "#torch_front", "uv": [ 7, 6, 9, 8 ], "rotation": 90 }
            }
        },
        {
            "name": "Front1",
            "from": [ 11.5, 2, 7 ], 
            "to": [ 15.5, 7, 9 ], 
            "shade": false,
            "faces": {
                "north": { "texture": "#torch_front", "uv": [ 6, 5, 10, 10 ] },
                "south": { "texture": "#torch_front", "uv": [ 6, 5, 10, 10 ] }
            }
        },
        {
            "name": "Front2",
            "from": [ 12.5, 2, 6 ], 
            "to": [ 14.5, 7, 10 ], 
            "shade": false,
            "faces": {
                "east": { "texture": "#torch_front", "uv": [ 6, 5, 10, 10 ] },
                "west": { "texture": "#torch_front", "uv": [ 6, 5, 10, 10 ] }
            }
        },
        {
            "name": "TopWire",
            "from": [ 10.5, 2, 7.5 ], 
            "to": [ 12.5, 2.5, 8.5 ], 
            "faces": {
                "north": { "texture": "#bluestone_front", "uv": [ 0, 0, 2, 0.5 ] },
                "south": { "texture": "#bluestone_front", "uv": [ 0, 0, 2, 0.5 ] },
                "up": { "texture": "#bluestone_front", "uv": [ 0, 0, 1, 2 ], "rotation": 90 }
            }
        },
        {
            "name": "AcrossWire",
            "from": [ 9.5, 2, 3.5 ], 
            "to": [ 10.5, 2.5, 12.5 ], 
            "faces": {
                "north": { "texture": "#bluestone_front", "uv": [ 0, 0, 1, 0.5 ] },
                "east": { "texture": "#bluestone_front", "uv": [ 0, 0, 9, 0.5 ] },
                "south": { "texture": "#bluestone_front", "uv": [ 0, 0, 1, 0.5 ] },
                "west": { "texture": "#bluestone_front", "uv": [ 0, 0, 9, 0.5 ] },
                "up": { "texture": "#bluestone_front", "uv": [ 0, 0, 9, 1 ], "rotation": 90 }
            }
        }
    ]
}