{
    "ambientocclusion": false,
    "textures": {
        "bluestone_back": "bluepower:base/bluestone_off",
        "torch_middle": "bluepower:blocks/bluestone_torch_on"
    },
    "display": {
        "gui": {
            "rotation": [ 30, 45, 0 ],
            "translation": [ 0, 0, 0 ],
            "scale": [ 0.625, 0.625, 0.625 ]
        },
        "ground": {
            "rotation": [ 0, 0, 0 ],
            "translation": [ 0, 3, 0 ],
            "scale": [ 0.25, 0.25, 0.25 ]
        },
        "fixed": {
            "rotation": [ 0, 180, 0 ],
            "translation": [ 0, 0, 0 ],
            "scale": [ 1, 1, 1 ]
        },
        "head": {
            "rotation": [ 0, 180, 0 ],
            "translation": [ 0, 0, 0 ],
            "scale": [ 1, 1, 1 ]
        },
        "firstperson_righthand": {
            "rotation": [ 0, 315, 0 ],
            "translation": [ 0, 2.5, 0 ],
            "scale": [ 0.4, 0.4, 0.4 ]
        },
        "thirdperson_righthand": {
            "rotation": [ 75, 315, 0 ],
            "translation": [ 0, 2.5, 0 ],
            "scale": [ 0.375, 0.375, 0.375 ]
        }
    },
    "elements": [
        {
            "name": "Torch_Middle",
            "from": [ 6.5, 2, 7 ],
            "to": [ 8.5, 5, 9 ],
            "faces": {
                "up": { "texture": "#torch_middle", "uv": [ 7, 6, 9, 8 ], "rotation": 90 }
            }
        },
        {
            "name": "TopWire",
            "from": [ 0, 2, 7.5 ], 
            "to": [ 3, 2.5, 8.5 ], 
            "faces": {
                "north": { "texture": "#bluestone_back", "uv": [ 0, 0, 3, 0.5 ] },
                "east": { "texture": "#bluestone_back", "uv": [ 0, 0, 1, 0.5 ] },
                "south": { "texture": "#bluestone_back", "uv": [ 0, 0, 3, 0.5 ] },
                "west": { "texture": "#bluestone_back", "uv": [ 0, 0, 1, 0.5 ] },
                "up": { "texture": "#bluestone_back", "uv": [ 0, 0, 1, 3 ], "rotation": 90 }
            }
        },
        {
            "name": "TopWire",
            "from": [ 3, 2, 6.5 ], 
            "to": [ 5, 2.5, 7.5 ], 
            "faces": {
                "north": { "texture": "#bluestone_back", "uv": [ 0, 0, 2, 0.5 ] },
                "east": { "texture": "#bluestone_back", "uv": [ 0, 0, 1, 0.5 ] },
                "south": { "texture": "#bluestone_back", "uv": [ 0, 0, 2, 0.5 ] },
                "west": { "texture": "#bluestone_back", "uv": [ 0, 0, 1, 0.5 ] },
                "up": { "texture": "#bluestone_back", "uv": [ 0, 0, 1, 2 ], "rotation": 90 }
            }
        },
        {
            "name": "TopWire",
            "from": [ 5, 2, 7.5 ], 
            "to": [ 6.5, 2.5, 8.5 ], 
            "faces": {
                "north": { "texture": "#bluestone_back", "uv": [ 0, 0, 1.5, 0.5 ] },
                "south": { "texture": "#bluestone_back", "uv": [ 0, 0, 1.5, 0.5 ] },
                "west": { "texture": "#bluestone_back", "uv": [ 0, 0, 1, 0.5 ] },
                "up": { "texture": "#bluestone_back", "uv": [ 0, 0, 1, 2 ], "rotation": 90 }
            }
        },
        {
            "name": "Middle1",
            "from": [ 5.5, 2, 7 ], 
            "to": [ 9.5, 6, 9 ], 
            "shade": false,
            "faces": {
                "north": { "texture": "#torch_middle", "uv": [ 6, 5, 10, 9 ] },
                "south": { "texture": "#torch_middle", "uv": [ 6, 5, 10, 9 ] }
            }
        },
        {
            "name": "Middle2",
            "from": [ 6.5, 2, 6 ], 
            "to": [ 8.5, 6, 10 ], 
            "shade": false,
            "faces": {
                "east": { "texture": "#torch_middle", "uv": [ 6, 5, 10, 9 ] },
                "west": { "texture": "#torch_middle", "uv": [ 6, 5, 10, 9 ] }
            }
        }
    ]
}