{
"ambientocclusion": false,
    "textures": {
        "particle": "bluepower:blocks/gates/gate",
        "gate": "bluepower:blocks/gates/gate"
    },
    "display": {
        "gui": {
            "rotation": [ 30, 45, 0 ],
            "translation": [ 0, 0, 0 ],
            "scale": [ 0.625, 0.625, 0.625 ]
        },
        "ground": {
            "rotation": [ 0, 0, 0 ],
            "translation": [ 0, 3, 0 ],
            "scale": [ 0.25, 0.25, 0.25 ]
        },
        "fixed": {
            "rotation": [ 0, 180, 0 ],
            "translation": [ 0, 0, 0 ],
            "scale": [ 1, 1, 1 ]
        },
        "head": {
            "rotation": [ 0, 180, 0 ],
            "translation": [ 0, 0, 0 ],
            "scale": [ 1, 1, 1 ]
        },
        "firstperson_righthand": {
            "rotation": [ 0, 315, 0 ],
            "translation": [ 0, 2.5, 0 ],
            "scale": [ 0.4, 0.4, 0.4 ]
        },
        "thirdperson_righthand": {
            "rotation": [ 75, 315, 0 ],
            "translation": [ 0, 2.5, 0 ],
            "scale": [ 0.375, 0.375, 0.375 ]
        }
    },
    "elements": [
        {
            "name": "Base",
            "from": [ 0, 0, 0 ], 
            "to": [ 16, 2, 16 ], 
            "faces": {
                "north": { "texture": "#gate", "uv": [ 0, 0, 1, 16 ], "rotation": 270 },
                "east": { "texture": "#gate", "uv": [ 0, 0, 16, 1 ], "rotation": 180 },
                "south": { "texture": "#gate", "uv": [ 15, 0, 16, 16 ], "rotation": 90 },
                "west": { "texture": "#gate", "uv": [ 0, 15, 16, 16 ] },
                "up": { "texture": "#gate", "uv": [ 0, 0, 16, 16 ], "rotation": 90 }
            }
        },
        {
            "name": "TopBase",
            "from": [ 10.999, 2, 7 ], 
            "to": [ 15.999, 2.25, 9 ], 
            "faces": {
                "north": { "texture": "#gate", "uv": [ 0, 0, 5, 0.25 ] },
                "east": { "texture": "#gate", "uv": [ 0, 0, 2, 0.25 ] },
                "south": { "texture": "#gate", "uv": [ 0, 0, 5, 0.25 ] },
                "up": { "texture": "#gate", "uv": [ 0, 0, 1, 7 ], "rotation": 90 }
            }
        },
        {
            "name": "AcrossBase",
            "from": [ 9, 2, 3.001 ], 
            "to": [ 11, 2.25, 12.991 ], 
            "faces": {
                "north": { "texture": "#gate", "uv": [ 0, 0, 2, 0.25 ] },
                "east": { "texture": "#gate", "uv": [ 0, 0, 9.99, 0.25 ] },
                "south": { "texture": "#gate", "uv": [ 0, 0, 2, 0.25 ] },
                "west": { "texture": "#gate", "uv": [ 0, 0, 9.99, 0.25 ] },
                "up": { "texture": "#gate", "uv": [ 0, 0, 15.99, 1 ], "rotation": 90 }
            }
        },
        {
            "name": "AcrossBase",
            "from": [ 6.5, 2, 0.001 ], 
            "to": [ 8.5, 2.25, 3.491 ], 
            "faces": {
                "north": { "texture": "#gate", "uv": [ 0, 0, 2, 0.25 ] },
                "east": { "texture": "#gate", "uv": [ 0, 0, 3.49, 0.25 ] },
                "south": { "texture": "#gate", "uv": [ 0, 0, 2, 0.25 ] },
                "west": { "texture": "#gate", "uv": [ 0, 0, 3.49, 0.25 ] },
                "up": { "texture": "#gate", "uv": [ 0, 0, 4.99, 1 ], "rotation": 90 }
            }
        },
        {
            "name": "AcrossBase",
            "from": [ 6.5, 2, 12.49 ], 
            "to": [ 8.5, 2.25, 15.98 ], 
            "faces": {
                "east": { "texture": "#gate", "uv": [ 0, 0, 3.49, 1.25 ] },
                "south": { "texture": "#gate", "uv": [ 0, 0, 2, 0.25 ] },
                "west": { "texture": "#gate", "uv": [ 0, 0, 3.49, 0.25 ] },
                "up": { "texture": "#gate", "uv": [ 0, 0, 4.99, 1 ], "rotation": 90 }
            }
        },
        {
            "name": "TopBase",
            "from": [ 0.01, 2, 7 ], 
            "to": [ 3.51, 2.25, 9 ], 
            "faces": {
                "north": { "texture": "#gate", "uv": [ 0, 0, 3.5, 0.25 ] },
                "east": { "texture": "#gate", "uv": [ 0, 0, 2, 0.25 ] },
                "south": { "texture": "#gate", "uv": [ 0, 0, 3.5, 0.25 ] },
                "west": { "texture": "#gate", "uv": [ 0, 0, 2, 0.25 ] },
                "up": { "texture": "#gate", "uv": [ 0, 0, 1, 4 ], "rotation": 90 }
            }
        },
        {
            "name": "TorchBase",
            "from": [ 5.999, 2, 3.5 ], 
            "to": [ 8.999, 2.25, 12.5 ], 
            "faces": {
                "north": { "texture": "#gate", "uv": [ 0, 0, 3, 0.25 ] },
                "east": { "texture": "#gate", "uv": [ 0, 0, 9, 0.25 ] },
                "south": { "texture": "#gate", "uv": [ 0, 0, 3, 0.25 ] },
                "west": { "texture": "#gate", "uv": [ 0, 0, 9, 0.25 ] },
                "up": { "texture": "#gate", "uv": [ 0, 0, 6, 1 ], "rotation": 90 }
            }
        },
        {
            "name": "TopBase",
            "from": [ 2.5, 2, 6 ], 
            "to": [ 5.5, 2.25, 8 ], 
            "faces": {
                "north": { "texture": "#gate", "uv": [ 0, 0, 3, 0.25 ] },
                "east": { "texture": "#gate", "uv": [ 0, 0, 2, 0.25 ] },
                "south": { "texture": "#gate", "uv": [ 0, 0, 3, 0.25 ] },
                "west": { "texture": "#gate", "uv": [ 0, 0, 2, 0.25 ] },
                "up": { "texture": "#gate", "uv": [ 0, 0, 1, 5 ], "rotation": 90 }
            }
        },
        {
            "name": "TopBase",
            "from": [ 4.5, 2, 7 ], 
            "to": [ 6, 2.25, 9 ], 
            "faces": {
                "north": { "texture": "#gate", "uv": [ 0, 0, 1.5, 0.25 ] },
                "south": { "texture": "#gate", "uv": [ 0, 0, 1.5, 0.25 ] },
                "west": { "texture": "#gate", "uv": [ 0, 0, 2, 0.25 ] },
                "up": { "texture": "#gate", "uv": [ 0, 0, 1, 2 ], "rotation": 90 }
            }
        }
    ]
}