{
    "textures": {
        "gate": "bluepower:blocks/gates/gate"
    },
    "display": {
        "gui": {
            "rotation": [ 30, 45, 0 ],
            "translation": [ 0, 0, 0 ],
            "scale": [ 0.625, 0.625, 0.625 ]
        },
        "ground": {
            "rotation": [ 0, 0, 0 ],
            "translation": [ 0, 3, 0 ],
            "scale": [ 0.25, 0.25, 0.25 ]
        },
        "fixed": {
            "rotation": [ 0, 180, 0 ],
            "translation": [ 0, 0, 0 ],
            "scale": [ 1, 1, 1 ]
        },
        "head": {
            "rotation": [ 0, 180, 0 ],
            "translation": [ 0, 0, 0 ],
            "scale": [ 1, 1, 1 ]
        },
        "firstperson_righthand": {
            "rotation": [ 0, 315, 0 ],
            "translation": [ 0, 2.5, 0 ],
            "scale": [ 0.4, 0.4, 0.4 ]
        },
        "thirdperson_righthand": {
            "rotation": [ 75, 315, 0 ],
            "translation": [ 0, 2.5, 0 ],
            "scale": [ 0.375, 0.375, 0.375 ]
        }
    },
    "elements": [
        {
            "from": [ 0, 0, 0 ], 
            "to": [ 16, 1, 16 ], 
            "faces": {
                "north": { "texture": "#gate", "uv": [ 0, 0, 16, 1 ], "rotation": 180 },
                "east": { "texture": "#gate", "uv": [ 15, 0, 16, 16 ], "rotation": 90 },
                "south": { "texture": "#gate", "uv": [ 0, 15, 16, 16 ] },
                "west": { "texture": "#gate", "uv": [ 0, 0, 1, 16 ], "rotation": 270 },
                "up": { "texture": "#gate", "uv": [ 0, 0, 16, 16 ] },
                "down": { "texture": "#gate", "uv": [ 0, 0, 16, 16 ], "rotation": 90 }
            }
        }
    ]
}