{
    "ambientocclusion": false,
    "textures": {
        "bluestone_front": "bluepower:base/bluestone_off"
    },
    "elements": [
        {
            "name": "TopWire",
            "from": [ 7.5, 2, 0 ],
            "to": [ 8.5, 2.5, 5.5 ],
            "faces": {
                "north": { "texture": "#bluestone_front", "uv": [ 0, 0, 1, 0.5 ] },
                "east": { "texture": "#bluestone_front", "uv": [ 0, 0, 5.5, 0.5 ] },
                "west": { "texture": "#bluestone_front", "uv": [ 0, 0, 5.5, 0.5 ] },
                "up": { "texture": "#bluestone_front", "uv": [ 15, 2, 16, 7.5 ] }
            }
        },
        {
            "name": "AcrossWire",
            "from": [ 3.5, 2, 5.5 ],
            "to": [ 12.5, 2.5, 6.5 ],
            "faces": {
                "north": { "texture": "#bluestone_front", "uv": [ 0, 0, 9, 0.5 ] },
                "east": { "texture": "#bluestone_front", "uv": [ 0, 0, 1, 0.5 ] },
                "south": { "texture": "#bluestone_front", "uv": [ 0, 0, 9, 0.5 ] },
                "west": { "texture": "#bluestone_front", "uv": [ 0, 0, 1, 0.5 ] },
                "up": { "texture": "#bluestone_front", "uv": [ 0, 0, 9, 1 ] }
            }
        }
    ]
}