{
"ambientocclusion": false,
    "textures": {
        "bluestone_front": "bluepower:base/bluestone_off"
    },
    "display": {
        "gui": {
            "rotation": [ 30, 45, 0 ],
            "translation": [ 0, 0, 0 ],
            "scale": [ 0.625, 0.625, 0.625 ]
        },
        "ground": {
            "rotation": [ 0, 0, 0 ],
            "translation": [ 0, 3, 0 ],
            "scale": [ 0.25, 0.25, 0.25 ]
        },
        "fixed": {
            "rotation": [ 0, 180, 0 ],
            "translation": [ 0, 0, 0 ],
            "scale": [ 1, 1, 1 ]
        },
        "head": {
            "rotation": [ 0, 180, 0 ],
            "translation": [ 0, 0, 0 ],
            "scale": [ 1, 1, 1 ]
        },
        "firstperson_righthand": {
            "rotation": [ 0, 315, 0 ],
            "translation": [ 0, 2.5, 0 ],
            "scale": [ 0.4, 0.4, 0.4 ]
        },
        "thirdperson_righthand": {
            "rotation": [ 75, 315, 0 ],
            "translation": [ 0, 2.5, 0 ],
            "scale": [ 0.375, 0.375, 0.375 ]
        }
    },
    "elements": [
        {
            "name": "TopWire",
            "from": [ 10.5, 2, 7.5 ], 
            "to": [ 16, 2.5, 8.5 ], 
            "faces": {
                "north": { "texture": "#bluestone_front", "uv": [ 0, 0, 5.5, 0.5 ] },
                "east": { "texture": "#bluestone_front", "uv": [ 0, 0, 1, 0.5 ] },
                "south": { "texture": "#bluestone_front", "uv": [ 0, 0, 5.5, 0.5 ] },
                "up": { "texture": "#bluestone_front", "uv": [ 15, 2, 16, 7.5 ], "rotation": 90 }
            }
        },
        {
            "name": "AcrossWire",
            "from": [ 9.5, 2, 3.5 ], 
            "to": [ 10.5, 2.5, 12.5 ], 
            "faces": {
                "north": { "texture": "#bluestone_front", "uv": [ 0, 0, 1, 0.5 ] },
                "east": { "texture": "#bluestone_front", "uv": [ 0, 0, 9, 0.5 ] },
                "south": { "texture": "#bluestone_front", "uv": [ 0, 0, 1, 0.5 ] },
                "west": { "texture": "#bluestone_front", "uv": [ 0, 0, 9, 0.5 ] },
                "up": { "texture": "#bluestone_front", "uv": [ 0, 0, 9, 1 ], "rotation": 90 }
            }
        }
    ]
}