{
    "ambientocclusion": false,
    "textures": {
        "bluestone_front": "bluepower:base/bluestone_on",
        "torch_front": "bluepower:blocks/bluestone_torch_off"
    },
    "display": {
        "gui": {
            "rotation": [ 30, 45, 0 ],
            "translation": [ 0, 0, 0 ],
            "scale": [ 0.625, 0.625, 0.625 ]
        },
        "ground": {
            "rotation": [ 0, 0, 0 ],
            "translation": [ 0, 3, 0 ],
            "scale": [ 0.25, 0.25, 0.25 ]
        },
        "fixed": {
            "rotation": [ 0, 180, 0 ],
            "translation": [ 0, 0, 0 ],
            "scale": [ 1, 1, 1 ]
        },
        "head": {
            "rotation": [ 0, 180, 0 ],
            "translation": [ 0, 0, 0 ],
            "scale": [ 1, 1, 1 ]
        },
        "firstperson_righthand": {
            "rotation": [ 0, 315, 0 ],
            "translation": [ 0, 2.5, 0 ],
            "scale": [ 0.4, 0.4, 0.4 ]
        },
        "thirdperson_righthand": {
            "rotation": [ 75, 315, 0 ],
            "translation": [ 0, 2.5, 0 ],
            "scale": [ 0.375, 0.375, 0.375 ]
        }
    },
    "elements": [
        {
            "name": "Front1",
            "from": [ 7, 2, 0.5 ],
            "to": [ 9, 7, 4.5 ],
            "shade": false,
            "faces": {
                "east": { "texture": "#torch_front", "uv": [ 6, 5, 10, 10 ] },
                "west": { "texture": "#torch_front", "uv": [ 6, 5, 10, 10 ] }
            }
        },
        {
            "name": "Front2",
            "from": [ 6, 2, 1.5 ],
            "to": [ 10, 7, 3.5 ],
            "shade": false,
            "faces": {
                "north": { "texture": "#torch_front", "uv": [ 6, 5, 10, 10 ] },
                "south": { "texture": "#torch_front", "uv": [ 6, 5, 10, 10 ] }
            }
        },
        {
            "name": "TopWire",
            "from": [ 7.5, 2, 3.5 ],
            "to": [ 8.5, 2.5, 5.5 ],
            "faces": {
                "east": { "texture": "#bluestone_front", "uv": [ 0, 0, 2, 0.5 ] },
                "west": { "texture": "#bluestone_front", "uv": [ 0, 0, 2, 0.5 ] },
                "up": { "texture": "#bluestone_front", "uv": [ 0, 0, 1, 2 ] }
            }
        },
        {
            "name": "AcrossWire",
            "from": [ 3.5, 2, 5.5 ],
            "to": [ 12.5, 2.5, 6.5 ],
            "faces": {
                "north": { "texture": "#bluestone_front", "uv": [ 0, 0, 9, 0.5 ] },
                "east": { "texture": "#bluestone_front", "uv": [ 0, 0, 1, 0.5 ] },
                "south": { "texture": "#bluestone_front", "uv": [ 0, 0, 9, 0.5 ] },
                "west": { "texture": "#bluestone_front", "uv": [ 0, 0, 1, 0.5 ] },
                "up": { "texture": "#bluestone_front", "uv": [ 0, 0, 9, 1 ] }
            }
        },
        {
            "name": "Torch_Front",
            "from": [ 7, 2, 1.5 ],
            "to": [ 9, 6, 3.5 ],
            "faces": {
                "up": { "texture": "#torch_front", "uv": [ 7, 6, 9, 8 ] }
            }
        }
    ]
}