{
    "parent": "block/block",
    "textures": {
        "0": "bluepower:blocks/machines/solar_panel_side",
        "1": "bluepower:blocks/machines/solar_panel_top",
        "2": "bluepower:blocks/machines/solar_panel_bottom",
        "particle": "bluepower:blocks/machines/solar_panel_top"
    },
    "elements": [
        {
            "name": "SolarPanel",
            "from": [ 0.0, 0.0, 0.0 ], 
            "to": [ 16.0, 4.0, 16.0 ], 
            "faces": {
                "north": { "texture": "#0", "uv": [ 0.0, 12.0, 16.0, 16.0 ] },
                "east": { "texture": "#0", "uv": [ 0.0, 12.0, 16.0, 16.0 ] },
                "south": { "texture": "#0", "uv": [ 0.0, 12.0, 16.0, 16.0 ] },
                "west": { "texture": "#0", "uv": [ 0.0, 12.0, 16.0, 16.0 ] },
                "up": { "texture": "#1", "uv": [ 0.0, 0.0, 16.0, 16.0 ] },
                "down": { "texture": "#2", "uv": [ 0.0, 0.0, 16.0, 16.0 ] }
            }
        }
    ]
}