{
  "parent": "block/block",
  "textures": {
    "particle": "#all"
  },
  "elements": [
    {   "from": [ 0, 0, 0 ],
      "to": [ 16, 16, 16 ],
      "faces": {
        "down":  { "uv": [ 0, 0, 16, 16 ], "tintindex": 1, "texture": "#all", "cullface": "down" },
        "up":    { "uv": [ 0, 0, 16, 16 ], "tintindex": 1, "texture": "#all", "cullface": "up"},
        "north": { "uv": [ 0, 0, 16, 16 ], "tintindex": 1, "texture": "#all", "cullface": "north" },
        "south": { "uv": [ 0, 0, 16, 16 ], "tintindex": 1, "texture": "#all", "cullface": "south" },
        "west":  { "uv": [ 0, 0, 16, 16 ], "tintindex": 1, "texture": "#all", "cullface": "west" },
        "east":  { "uv": [ 0, 0, 16, 16 ], "tintindex": 1, "texture": "#all", "cullface": "east" }
      }
    }
  ]
}