{
    "elements": [
        {
            "from": [ 9.0, 0.0, 7.0 ], 
            "to": [ 16.0, 2.0, 9.0 ], 
            "faces": {
                "north": { "texture": "#wire", "tintindex": 2, "uv": [ 9.0, 7.0, 16.0, 9.0 ] },
                "east": { "texture": "#wire", "tintindex": 2, "uv": [ 7.0, 7.0, 9.0, 9.0 ] },
                "south": { "texture": "#wire", "tintindex": 2, "uv": [ 9.0, 7.0, 16.0, 9.0 ] },
                "west": { "texture": "#wire", "tintindex": 2, "uv": [ 7.0, 7.0, 9.0, 9.0 ] },
                "up": { "texture": "#wire", "tintindex": 2, "uv": [ 9.0, 7.0, 16.0, 9.0 ] },
                "down": { "texture": "#wire", "tintindex": 2, "uv": [ 9.0, 7.0, 16.0, 9.0 ] }
            }
        }
    ]
}