{
    "textures": {
        "particle": "bluepower:blocks/cable/blulectric_cable",
        "side": "bluepower:blocks/cable/blulectric_cable",
        "top": "bluepower:blocks/cable/blulectric_cable"
    },
    "elements": [
        {
            "from": [ 6, 0, -2 ], 
            "to": [ 10, 2, 0 ], 
            "faces": {
                "west": { "texture": "#side", "uv": [ 6, 14, 8, 16 ], "tintindex": 1 },
                "up": { "texture": "#top", "uv": [ 14, 6, 16, 10 ], "rotation": 270, "tintindex": 1 }
            }
        }
    ]
}