{
    "textures": {
        "particle": "bluepower:blocks/cable/blulectric_cable",
        "side": "bluepower:blocks/cable/blulectric_cable",
        "top": "bluepower:blocks/cable/blulectric_cable"
    },
    "elements": [
        {
            "from": [ 6, 0, 0 ], 
            "to": [ 10, 2, 6 ], 
            "faces": {
                "north": { "texture": "#side", "uv": [ 10, 14, 6, 16 ], "tintindex": 1 },
                "east": { "texture": "#side", "uv": [ 8, 14, 16, 16 ], "tintindex": 1 },
                "south": { "texture": "#side", "uv": [ 6, 14, 10, 16 ], "tintindex": 1 },
                "west": { "texture": "#side", "uv": [ 0, 14, 8, 16 ], "tintindex": 1 },
                "up": { "texture": "#top", "uv": [ 8, 6, 16, 10 ], "rotation": 270, "tintindex": 1 },
                "down": { "texture": "#top", "uv": [ 8, 6, 16, 10 ], "rotation": 270, "tintindex": 1 }
            }
        }
    ]
}