{
    "textures": {
        "top": "bluepower:blocks/cable/blulectric_cable",
        "particle": "bluepower:blocks/cable/blulectric_cable",
        "side": "bluepower:blocks/cable/blulectric_cable"
    },
    "elements": [
        {
            "from": [ 10.0, 0.0, 6.0 ], 
            "to": [ 16.0, 2.0, 10.0 ],
            "faces": {
                "north": { "texture": "#side", "tintindex": 1,"uv": [ 0.0, 14.0, 8.0, 16.0 ]},
                "east": { "texture": "#side", "tintindex": 1, "uv": [ 10.0, 14.0, 6.0, 16.0 ]},
                "south": { "texture": "#side", "tintindex": 1, "uv": [ 8.0, 14.0, 16.0, 16.0 ]},
                "west": { "texture": "#side", "tintindex": 1, "uv": [ 6.0, 14.0, 10.0, 16.0 ]},
                "up": { "texture": "#top", "tintindex": 1, "uv": [ 8.0, 6.0, 16.0, 10.0 ]},
                "down": { "texture": "#top", "tintindex": 1, "uv": [ 8.0, 6.0, 16.0, 10.0 ]}
            }
        }
    ]
}