{
    "textures": {
        "top": "bluepower:blocks/cable/blulectric_cable",
        "particle": "bluepower:blocks/cable/blulectric_cable",
        "side": "bluepower:blocks/cable/blulectric_cable"
    },
    "elements": [
        {
            "from": [ 6.0, 0.0, 6.0 ],
            "to": [ 10.0, 2.0, 10.0 ],
            "faces": {
                "north": { "texture": "#side", "uv": [ 12, 14, 16, 16 ], "tintindex": 1 },
                "east": { "texture": "#side", "uv": [ 12, 14, 16, 16 ], "tintindex": 1 },
                "south": { "texture": "#side", "uv": [ 12, 14, 16, 16 ], "tintindex": 1 },
                "west": { "texture": "#side", "uv": [ 12, 14, 16, 16 ], "tintindex": 1 },
                "up": { "texture": "#top", "uv": [ 0, 6, 4, 10 ], "tintindex": 1 },
                "down": { "texture": "#top", "uv": [ 0, 6, 4, 10 ], "tintindex": 1 }
            }
        }
    ]
}