{
    "textures": {
        "particle": "bluepower:blocks/cable/blulectric_cable",
        "side": "bluepower:blocks/cable/blulectric_cable",
        "top": "bluepower:blocks/cable/blulectric_cable"
    },
    "elements": [
        {
            "from": [ 16, 0, 6 ], 
            "to": [ 18, 2, 10 ], 
            "faces": {
                "north": { "texture": "#side", "uv": [ 6, 14, 8, 16 ], "tintindex": 1 },
                "up": { "texture": "#top", "uv": [ 14, 6, 16, 10 ], "tintindex": 1 }
            }
        }
    ]
}