{
    "textures": {
        "side": "blocks/bundled_side_",
        "top": "blocks/bundled_cross",
        "wire": "blocks/bluestone_off"
    },
    "elements": [
        {
            "from": [ 0.0, 0.0, 5.0 ], 
            "to": [ 5.0, 4.0, 11.0 ], 
            "faces": {
                "north": { "texture": "#side", "uv": [ 11.0, 12.0, 16.0, 16.0 ] },
                "east": { "texture": "#side", "uv": [ 5.0, 12.0, 11.0, 16.0 ] },
                "south": { "texture": "#side", "uv": [ 11.0, 12.0, 16.0, 16.0 ] },
                "west": { "texture": "#side", "uv": [ 5.0, 12.0, 11.0, 16.0 ] },
                "up": { "texture": "#top", "uv": [ 11.0, 5.0, 16.0, 11.0 ] },
                "down": { "texture": "#top", "uv": [ 11.0, 5.0, 16.0, 11.0 ] }
            }
        },
        {
            "from": [ 0.0, 4.0, 7.5 ], 
            "to": [ 7.2, 4.2, 8.5 ], 
            "faces": {
                "north": { "texture": "#wire", "uv": [ 0.0, 0.0, 1.5, 0.2 ] },
                "east": { "texture": "#wire", "uv": [ 0.0, 0.0, 1.5, 0.2 ] },
                "south": { "texture": "#wire", "uv": [ 0.0, 0.0, 1.5, 0.2 ] },
                "west": { "texture": "#wire", "uv": [ 0.0, 0.0, 1.5, 0.2 ] },
                "up": { "texture": "#wire", "uv": [ 0.0, 0.0, 1.5, 1.5 ] },
                "down": { "texture": "#wire", "uv": [ 0.0, 0.0, 1.5, 1.5 ] }
            }
        }
    ]
}