{
    "parent": "block/block",
    "elements": [
        {
            "from": [ 6.0, 0.0, 6.0 ],
            "to": [ 10.0, 3.0, 10.0 ],
            "faces": {
                "north": { "texture": "#side", "tintindex": 1, "uv": [ 4.0, 13.0, 12.0, 16.0 ] },
                "east": { "texture": "#side", "tintindex": 1, "uv": [ 6.0, 13.0, 10.0, 16.0 ] },
                "south": { "texture": "#side", "tintindex": 1, "uv": [ 4.0, 13.0, 12.0, 16.0 ] },
                "west": { "texture": "#side", "tintindex": 1, "uv": [ 6.0, 13.0, 10.0, 16.0 ] },
                "up": { "texture": "#top", "tintindex": 1, "uv": [ 4.0, 6.0, 12.0, 10.0 ] },
                "down": { "texture": "#top", "tintindex": 1, "uv": [ 4.0, 6.0, 12.0, 10.0 ] }
            }
        },
        {
            "from": [ 7.5, 3.0, 7.5 ],
            "to": [ 8.5, 3.2, 8.5 ],
            "faces": {
                "north": { "texture": "#wire", "tintindex": 2, "uv": [ 0.0, 0.0, 6.0, 0.2 ] },
                "east": { "texture": "#wire", "tintindex": 2, "uv": [ 0.0, 0.0, 1.0, 0.2 ] },
                "south": { "texture": "#wire", "tintindex": 2, "uv": [ 0.0, 0.0, 6.0, 0.2 ] },
                "west": { "texture": "#wire", "tintindex": 2, "uv": [ 0.0, 0.0, 1.0, 0.2 ] },
                "up": { "texture": "#wire", "tintindex": 2, "uv": [ 0.0, 0.0, 6.0, 1.0 ] },
                "down": { "texture": "#wire", "tintindex": 2, "uv": [ 0.0, 0.0, 6.0, 1.0 ] }
            }
        }
    ]
}