{
	"credit": "Made with Blockbench",
	"parent": "block/thin_block",
	"textures": {
		"2": "block/glass",
		"3": "block/spruce_planks",
		"top": "block/daylight_detector_inverted_top",
		"particle": "block/daylight_detector_inverted_top",
		"side": "block/daylight_detector_inverted_side"
	},
	"elements": [
		{
			"from": [0, 0, 0],
			"to": [16, 4, 16],
			"rotation": {"angle": 0, "axis": "y", "origin": [8.01047, 2.00002, 7.98951]},
			"faces": {
				"north": {"uv": [0, 12, 16, 16], "texture": "#side", "cullface": "north"},
				"east": {"uv": [0, 12, 16, 16], "texture": "#side", "cullface": "east"},
				"south": {"uv": [0, 12, 16, 16], "texture": "#side", "cullface": "south"},
				"west": {"uv": [0, 12, 16, 16], "texture": "#side", "cullface": "west"},
				"up": {"uv": [0, 0, 16, 16], "texture": "#top"},
				"down": {"uv": [0, 0, 16, 16], "texture": "#3", "cullface": "down"}
			}
		},
		{
			"from": [0, 5, 0],
			"to": [1, 6, 16],
			"faces": {
				"north": {"uv": [0, 0, 16, 1], "texture": "#2", "cullface": "north"},
				"south": {"uv": [0, 0, 1, 1], "texture": "#2", "cullface": "north"},
				"west": {"uv": [0, 0, 16, 1], "texture": "#2", "cullface": "north"},
				"up": {"uv": [0, 0, 16, 1], "texture": "#2", "cullface": "north"},
				"down": {"uv": [0, 0, 16, 1], "texture": "#2", "cullface": "north"}
			}
		},
		{
			"from": [0, 4, 15],
			"to": [1, 5, 16],
			"faces": {
				"south": {"uv": [0, 0, 1, 1], "texture": "#2", "cullface": "north"},
				"west": {"uv": [0, 0, 16, 1], "texture": "#2", "cullface": "north"}
			}
		},
		{
			"from": [15, 4, 15],
			"to": [16, 5, 16],
			"rotation": {"angle": 0, "axis": "y", "origin": [23, 8, 8]},
			"faces": {
				"east": {"uv": [0, 0, 1, 1], "texture": "#2", "cullface": "north"},
				"south": {"uv": [0, 0, 1, 1], "texture": "#2", "cullface": "north"}
			}
		},
		{
			"from": [0, 4, 0],
			"to": [1, 5, 1],
			"faces": {
				"north": {"uv": [0, 0, 1, 1], "texture": "#2", "cullface": "north"},
				"west": {"uv": [0, 0, 16, 1], "texture": "#2", "cullface": "north"}
			}
		},
		{
			"from": [15, 4, 0],
			"to": [16, 5, 1],
			"rotation": {"angle": 0, "axis": "y", "origin": [23, 8, 8]},
			"faces": {
				"north": {"uv": [0, 0, 1, 1], "texture": "#2", "cullface": "north"},
				"east": {"uv": [0, 0, 1, 1], "texture": "#2", "cullface": "north"}
			}
		},
		{
			"from": [15, 5, 0],
			"to": [16, 6, 16],
			"faces": {
				"north": {"uv": [0, 0, 16, 1], "texture": "#2", "cullface": "north"},
				"east": {"uv": [15, 0, 16, 1], "texture": "#2", "cullface": "north"},
				"south": {"uv": [0, 0, 1, 1], "texture": "#2", "cullface": "north"},
				"up": {"uv": [0, 0, 16, 1], "texture": "#2", "cullface": "north"},
				"down": {"uv": [0, 0, 16, 1], "texture": "#2", "cullface": "north"}
			}
		},
		{
			"from": [1, 5, 15],
			"to": [15, 6, 16],
			"faces": {
				"east": {"uv": [15, 0, 16, 1], "texture": "#2", "cullface": "north"},
				"south": {"uv": [0, 0, 1, 1], "texture": "#2", "cullface": "north"},
				"west": {"uv": [0, 0, 16, 1], "texture": "#2", "cullface": "north"},
				"up": {"uv": [0, 0, 16, 1], "texture": "#2", "cullface": "north"},
				"down": {"uv": [0, 0, 16, 1], "texture": "#2", "cullface": "north"}
			}
		},
		{
			"from": [1, 5, 0],
			"to": [15, 6, 1],
			"faces": {
				"north": {"uv": [0, 0, 16, 1], "texture": "#2", "cullface": "north"},
				"east": {"uv": [15, 0, 16, 1], "texture": "#2", "cullface": "north"},
				"west": {"uv": [0, 0, 16, 1], "texture": "#2", "cullface": "north"},
				"up": {"uv": [0, 0, 16, 1], "texture": "#2", "cullface": "north"},
				"down": {"uv": [0, 0, 16, 1], "texture": "#2", "cullface": "north"}
			}
		},
		{
			"from": [2, 5, 4],
			"to": [3, 6, 5],
			"rotation": {"angle": 0, "axis": "y", "origin": [2.49827, 5.4965, 4.50522]},
			"faces": {
				"up": {"uv": [2, 4, 3, 5], "texture": "#2", "cullface": "north"}
			}
		},
		{
			"from": [3, 5, 3],
			"to": [4, 6, 4],
			"rotation": {"angle": 0, "axis": "y", "origin": [3.49652, 5.49999, 3.50348]},
			"faces": {
				"up": {"uv": [2, 4, 3, 5], "texture": "#2", "cullface": "north"}
			}
		},
		{
			"from": [12, 5, 13],
			"to": [13, 6, 14],
			"rotation": {"angle": 0, "axis": "y", "origin": [12.51395, 5.49828, 13.48777]},
			"faces": {
				"up": {"uv": [2, 4, 3, 5], "texture": "#2", "cullface": "north"}
			}
		},
		{
			"from": [4, 5, 2],
			"to": [5, 6, 3],
			"rotation": {"angle": 0, "axis": "y", "origin": [4.49477, 5.50349, 2.50174]},
			"faces": {
				"up": {"uv": [2, 4, 3, 5], "texture": "#2", "cullface": "north"}
			}
		},
		{
			"from": [13, 5, 12],
			"to": [14, 6, 13],
			"rotation": {"angle": 0, "axis": "y", "origin": [13.5122, 5.50177, 12.48603]},
			"faces": {
				"up": {"uv": [2, 4, 3, 5], "texture": "#2", "cullface": "north"}
			}
		}
	],
	"display": {
		"thirdperson_righthand": {
			"rotation": [75, 45, 0],
			"translation": [0, 3.5, 1.25],
			"scale": [0.375, 0.375, 0.375]
		},
		"thirdperson_lefthand": {
			"rotation": [75, 45, 0],
			"translation": [0, 3.5, 1.25],
			"scale": [0.375, 0.375, 0.375]
		},
		"firstperson_righthand": {
			"rotation": [0, 45, 0],
			"translation": [0, 2.5, 0],
			"scale": [0.4, 0.4, 0.4]
		},
		"firstperson_lefthand": {
			"rotation": [0, 45, 0],
			"translation": [0, 2.5, 0],
			"scale": [0.4, 0.4, 0.4]
		},
		"ground": {
			"translation": [0, 3, 0],
			"scale": [0.25, 0.25, 0.25]
		},
		"gui": {
			"rotation": [30, 45, 0],
			"scale": [0.625, 0.625, 0.625]
		},
		"head": {
			"translation": [0, 14.25, 0]
		},
		"fixed": {
			"rotation": [-90, 0, 0],
			"translation": [0, 0, -4],
			"scale": [0.5, 0.5, 0.5]
		}
	}
}