{
  "variants": {
    "facing=north,active=false": { "model": "bluepower:block/alloyfurnace" },
    "facing=south,active=false": { "model": "bluepower:block/alloyfurnace", "y": 180 },
    "facing=west,active=false": { "model": "bluepower:block/alloyfurnace", "y": 270 },
    "facing=east,active=false": { "model": "bluepower:block/alloyfurnace", "y": 90 },
    "facing=north,active=true": { "model": "bluepower:block/alloyfurnace_on" },
    "facing=south,active=true": { "model": "bluepower:block/alloyfurnace_on", "y": 180 },
    "facing=west,active=true": { "model": "bluepower:block/alloyfurnace_on", "y": 270 },
    "facing=east,active=true": { "model": "bluepower:block/alloyfurnace_on", "y": 90 }
  }
}
