{
  "multipart": [
    { "when": { "powered": "false", "facing": "up"}, "apply": {"model": "bluepower:block/cable/alloywire_centre" }},
    { "when": { "powered": "true", "facing": "up"}, "apply": {"model": "bluepower:block/cable/alloywire_centre_on" }},
    { "when": { "connected_front": "true", "powered": "false", "facing": "up"}, "apply": { "model": "bluepower:block/cable/alloywire_extended","y": -90 }},
    { "when": { "connected_back": "true", "powered": "false", "facing": "up"}, "apply": { "model": "bluepower:block/cable/alloywire_extended","y": 90 }},
    { "when": { "connected_left": "true", "powered": "false", "facing": "up"}, "apply": { "model": "bluepower:block/cable/alloywire_extended","y": 180 }},
    { "when": { "connected_right": "true", "powered": "false", "facing": "up"}, "apply": { "model": "bluepower:block/cable/alloywire_extended" }},
    { "when": { "connected_front": "true", "powered": "true", "facing": "up"}, "apply": { "model": "bluepower:block/cable/alloywire_extended_on","y": -90 }},
    { "when": { "connected_back": "true", "powered": "true", "facing": "up"}, "apply": { "model": "bluepower:block/cable/alloywire_extended_on","y": 90 }},
    { "when": { "connected_left": "true", "powered": "true", "facing": "up"}, "apply": { "model": "bluepower:block/cable/alloywire_extended_on","y": 180 }},
    { "when": { "connected_right": "true", "powered": "true", "facing": "up"}, "apply": { "model": "bluepower:block/cable/alloywire_extended_on" }},
    { "when": { "powered": "false", "facing": "down"}, "apply": {"model": "bluepower:block/cable/alloywire_centre", "x": 180}},
    { "when": { "powered": "true", "facing": "down"}, "apply": {"model": "bluepower:block/cable/alloywire_centre_on", "x": 180}},
    { "when": { "connected_front": "true", "powered": "false", "facing": "down"}, "apply": { "model": "bluepower:block/cable/alloywire_extended", "x": 180, "y": -90 }},
    { "when": { "connected_back": "true", "powered": "false", "facing": "down"}, "apply": { "model": "bluepower:block/cable/alloywire_extended", "x": 180, "y": 90 }},
    { "when": { "connected_left": "true", "powered": "false", "facing": "down"}, "apply": { "model": "bluepower:block/cable/alloywire_extended", "x": 180, "y": 180 }},
    { "when": { "connected_right": "true", "powered": "false", "facing": "down"}, "apply": { "model": "bluepower:block/cable/alloywire_extended", "x": 180 }},
    { "when": { "connected_front": "true", "powered": "true", "facing": "down"}, "apply": { "model": "bluepower:block/cable/alloywire_extended_on", "x": 180,"y": -90 }},
    { "when": { "connected_back": "true", "powered": "true", "facing": "down"}, "apply": { "model": "bluepower:block/cable/alloywire_extended_on", "x": 180,"y": 90 }},
    { "when": { "connected_left": "true", "powered": "true", "facing": "down"}, "apply": { "model": "bluepower:block/cable/alloywire_extended_on", "x": 180,"y": 180 }},
    { "when": { "connected_right": "true", "powered": "true", "facing": "down"}, "apply": { "model": "bluepower:block/cable/alloywire_extended_on", "x": 180 }},
    { "when": { "powered": "false", "facing": "north"}, "apply": {"model": "bluepower:block/cable/alloywire_centre", "x": 90}},
    { "when": { "powered": "true", "facing": "north"}, "apply": {"model": "bluepower:block/cable/alloywire_centre_on", "x": 90}},
    { "when": { "connected_front": "true", "powered": "false", "facing": "north"}, "apply": { "model": "bluepower:block/cable/alloywire_extended", "x": 90,"y": -90 }},
    { "when": { "connected_back": "true", "powered": "false", "facing": "north"}, "apply": { "model": "bluepower:block/cable/alloywire_extended", "x": 90,"y": 90 }},
    { "when": { "connected_left": "true", "powered": "false", "facing": "north"}, "apply": { "model": "bluepower:block/cable/alloywire_extended", "x": 90,"y": 180 }},
    { "when": { "connected_right": "true", "powered": "false", "facing": "north"}, "apply": { "model": "bluepower:block/cable/alloywire_extended", "x": 90}},
    { "when": { "connected_front": "true", "powered": "true", "facing": "north"}, "apply": { "model": "bluepower:block/cable/alloywire_extended_on", "x": 90,"y": -90 }},
    { "when": { "connected_back": "true", "powered": "true", "facing": "north"}, "apply": { "model": "bluepower:block/cable/alloywire_extended_on", "x": 90,"y": 90 }},
    { "when": { "connected_left": "true", "powered": "true", "facing": "north"}, "apply": { "model": "bluepower:block/cable/alloywire_extended_on", "x": 90,"y": 180 }},
    { "when": { "connected_right": "true", "powered": "true", "facing": "north"}, "apply": { "model": "bluepower:block/cable/alloywire_extended_on", "x": 90}},
    { "when": { "powered": "false", "facing": "east"}, "apply": {"model": "bluepower:block/cable/alloywire_centre", "x": 90, "y": 90 }},
    { "when": { "powered": "true", "facing": "east"}, "apply": {"model": "bluepower:block/cable/alloywire_centre_on", "x": 90, "y": 90 }},
    { "when": { "connected_front": "true", "powered": "false", "facing": "east"}, "apply": { "model": "bluepower:block/cable/alloywire_extended", "x": 90 }},
    { "when": { "connected_back": "true", "powered": "false", "facing": "east"}, "apply": { "model": "bluepower:block/cable/alloywire_extended", "x": 90, "y": 180 }},
    { "when": { "connected_left": "true", "powered": "false", "facing": "east"}, "apply": { "model": "bluepower:block/cable/alloywire_extended", "x": 90, "y": 270}},
    { "when": { "connected_right": "true", "powered": "false", "facing": "east"}, "apply": { "model": "bluepower:block/cable/alloywire_extended", "x": 90, "y": 90}},
    { "when": { "connected_front": "true", "powered": "true", "facing": "east"}, "apply": { "model": "bluepower:block/cable/alloywire_extended_on", "x": 90}},
    { "when": { "connected_back": "true", "powered": "true", "facing": "east"}, "apply": { "model": "bluepower:block/cable/alloywire_extended_on", "x": 90, "y": 180}},
    { "when": { "connected_left": "true", "powered": "true", "facing": "east"}, "apply": { "model": "bluepower:block/cable/alloywire_extended_on", "x": 90, "y": 270}},
    { "when": { "connected_right": "true", "powered": "true", "facing": "east"}, "apply": { "model": "bluepower:block/cable/alloywire_extended_on", "x": 90, "y": 90}},
    { "when": { "powered": "false", "facing": "south"}, "apply": {"model": "bluepower:block/cable/alloywire_centre", "x": 90, "y": 180}},
    { "when": { "powered": "true", "facing": "south"}, "apply": {"model": "bluepower:block/cable/alloywire_centre_on", "x": 90, "y": 180}},
    { "when": { "connected_front": "true", "powered": "false", "facing": "south"}, "apply": { "model": "bluepower:block/cable/alloywire_extended", "x": 90, "y": 90 }},
    { "when": { "connected_back": "true", "powered": "false", "facing": "south"}, "apply": { "model": "bluepower:block/cable/alloywire_extended", "x": 90, "y": 270 }},
    { "when": { "connected_left": "true", "powered": "false", "facing": "south"}, "apply": { "model": "bluepower:block/cable/alloywire_extended", "x": 90}},
    { "when": { "connected_right": "true", "powered": "false", "facing": "south"}, "apply": { "model": "bluepower:block/cable/alloywire_extended", "x": 90, "y": 180}},
    { "when": { "connected_front": "true", "powered": "true", "facing": "south"}, "apply": { "model": "bluepower:block/cable/alloywire_extended_on", "x": 90, "y": 90 }},
    { "when": { "connected_back": "true", "powered": "true", "facing": "south"}, "apply": { "model": "bluepower:block/cable/alloywire_extended_on", "x": 90, "y": 270 }},
    { "when": { "connected_left": "true", "powered": "true", "facing": "south"}, "apply": { "model": "bluepower:block/cable/alloywire_extended_on", "x": 90}},
    { "when": { "connected_right": "true", "powered": "true", "facing": "south"}, "apply": { "model": "bluepower:block/cable/alloywire_extended_on", "x": 90, "y": 180}},
    { "when": { "powered": "false", "facing": "west"}, "apply": {"model": "bluepower:block/cable/alloywire_centre", "x": 90, "y": 270}},
    { "when": { "powered": "true", "facing": "west"}, "apply": {"model": "bluepower:block/cable/alloywire_centre_on", "x": 90, "y": 270}},
    { "when": { "connected_front": "true", "powered": "false", "facing": "west"}, "apply": { "model": "bluepower:block/cable/alloywire_extended", "x": 90, "y": 180}},
    { "when": { "connected_back": "true", "powered": "false", "facing": "west"}, "apply": { "model": "bluepower:block/cable/alloywire_extended", "x": 90}},
    { "when": { "connected_left": "true", "powered": "false", "facing": "west"}, "apply": { "model": "bluepower:block/cable/alloywire_extended", "x": 90, "y": 90}},
    { "when": { "connected_right": "true", "powered": "false", "facing": "west"}, "apply": { "model": "bluepower:block/cable/alloywire_extended", "x": 90, "y": 270 }},
    { "when": { "connected_front": "true", "powered": "true", "facing": "west"}, "apply": { "model": "bluepower:block/cable/alloywire_extended_on", "x": 90, "y": 180 }},
    { "when": { "connected_back": "true", "powered": "true", "facing": "west"}, "apply": { "model": "bluepower:block/cable/alloywire_extended_on", "x": 90}},
    { "when": { "connected_left": "true", "powered": "true", "facing": "west"}, "apply": { "model": "bluepower:block/cable/alloywire_extended_on", "x": 90, "y": 90}},
    { "when": { "connected_right": "true", "powered": "true", "facing": "west"}, "apply": { "model": "bluepower:block/cable/alloywire_extended_on", "x": 90, "y": 270}}
  ]
}
