{
  "multipart": [
    { "when": { "facing": "up"}, "apply": {"model": "bluepower:block/cable/blulectric_cable" }},
    { "when": { "connected_front": "true", "facing": "up"}, "apply": { "model": "bluepower:block/cable/blulectric_cable_extended","y": -90 }},
    { "when": { "connected_back": "true", "facing": "up"}, "apply": { "model": "bluepower:block/cable/blulectric_cable_extended","y": 90 }},
    { "when": { "connected_left": "true", "facing": "up"}, "apply": { "model": "bluepower:block/cable/blulectric_cable_extended","y": 180 }},
    { "when": { "connected_right": "true", "facing": "up"}, "apply": { "model": "bluepower:block/cable/blulectric_cable_extended" }},
    { "when": { "join_front": "true", "facing": "up"}, "apply": { "model": "bluepower:block/cable/blulectric_cable_join","y": -90 }},
    { "when": { "join_back": "true", "facing": "up"}, "apply": { "model": "bluepower:block/cable/blulectric_cable_join","y": 90 }},
    { "when": { "join_left": "true", "facing": "up"}, "apply": { "model": "bluepower:block/cable/blulectric_cable_join","y": 180 }},
    { "when": { "join_right": "true", "facing": "up"}, "apply": { "model": "bluepower:block/cable/blulectric_cable_join" }},
    { "when": { "facing": "down"}, "apply": {"model": "bluepower:block/cable/blulectric_cable", "x": 180}},
    { "when": { "connected_front": "true", "facing": "down"}, "apply": { "model": "bluepower:block/cable/blulectric_cable_extended", "x": 180, "y": -90 }},
    { "when": { "connected_back": "true", "facing": "down"}, "apply": { "model": "bluepower:block/cable/blulectric_cable_extended", "x": 180, "y": 90 }},
    { "when": { "connected_left": "true", "facing": "down"}, "apply": { "model": "bluepower:block/cable/blulectric_cable_extended", "x": 180, "y": 180 }},
    { "when": { "connected_right": "true", "facing": "down"}, "apply": { "model": "bluepower:block/cable/blulectric_cable_extended", "x": 180 }},
    { "when": { "join_front": "true", "facing": "down"}, "apply": { "model": "bluepower:block/cable/blulectric_cable_join", "x": 180, "y": -90 }},
    { "when": { "join_back": "true", "facing": "down"}, "apply": { "model": "bluepower:block/cable/blulectric_cable_join", "x": 180, "y": 90 }},
    { "when": { "join_left": "true", "facing": "down"}, "apply": { "model": "bluepower:block/cable/blulectric_cable_join", "x": 180, "y": 180 }},
    { "when": { "join_right": "true", "facing": "down"}, "apply": { "model": "bluepower:block/cable/blulectric_cable_join", "x": 180 }},
    { "when": { "facing": "north"}, "apply": {"model": "bluepower:block/cable/blulectric_cable", "x": 90}},
    { "when": { "connected_front": "true", "facing": "north"}, "apply": { "model": "bluepower:block/cable/blulectric_cable_extended_z", "x": -90,"y": 180}},
    { "when": { "connected_back": "true", "facing": "north"}, "apply": { "model": "bluepower:block/cable/blulectric_cable_extended_z", "x": 90}},
    { "when": { "connected_left": "true", "facing": "north"}, "apply": { "model": "bluepower:block/cable/blulectric_cable_extended", "x": 90}},
    { "when": { "connected_right": "true", "facing": "north"}, "apply": { "model": "bluepower:block/cable/blulectric_cable_extended", "x": -90,"y": 180}},
    { "when": { "join_front": "true", "facing": "north"}, "apply": { "model": "bluepower:block/cable/blulectric_cable_join_z", "x": -90,"y": 180}},
    { "when": { "join_back": "true", "facing": "north"}, "apply": { "model": "bluepower:block/cable/blulectric_cable_join_z", "x": 90}},
    { "when": { "join_left": "true", "facing": "north"}, "apply": { "model": "bluepower:block/cable/blulectric_cable_join", "x": 90}},
    { "when": { "join_right": "true", "facing": "north"}, "apply": { "model": "bluepower:block/cable/blulectric_cable_join", "x": -90,"y": 180}},
    { "when": { "facing": "east"}, "apply": {"model": "bluepower:block/cable/blulectric_cable", "x": 90, "y": 90 }},
    { "when": { "connected_front": "true", "facing": "east"}, "apply": { "model": "bluepower:block/cable/blulectric_cable_extended_z", "x": -90, "y": 270}},
    { "when": { "connected_back": "true", "facing": "east"}, "apply": { "model": "bluepower:block/cable/blulectric_cable_extended_z", "x": 90, "y": 90 }},
    { "when": { "connected_left": "true", "facing": "east"}, "apply": { "model": "bluepower:block/cable/blulectric_cable_extended", "x": 90, "y": 90}},
    { "when": { "connected_right": "true", "facing": "east"}, "apply": { "model": "bluepower:block/cable/blulectric_cable_extended", "x": -90, "y": 270}},
    { "when": { "join_front": "true", "facing": "east"}, "apply": { "model": "bluepower:block/cable/blulectric_cable_join_z", "x": -90, "y": 270}},
    { "when": { "join_back": "true", "facing": "east"}, "apply": { "model": "bluepower:block/cable/blulectric_cable_join_z", "x": 90, "y": 90 }},
    { "when": { "join_left": "true", "facing": "east"}, "apply": { "model": "bluepower:block/cable/blulectric_cable_join", "x": 90, "y": 90}},
    { "when": { "join_right": "true", "facing": "east"}, "apply": { "model": "bluepower:block/cable/blulectric_cable_join", "x": -90, "y": 270}},
    { "when": { "facing": "south"}, "apply": {"model": "bluepower:block/cable/blulectric_cable", "x": 90, "y": 180}},
    { "when": { "connected_front": "true", "facing": "south"}, "apply": { "model": "bluepower:block/cable/blulectric_cable_extended_z", "x": -90}},
    { "when": { "connected_back": "true", "facing": "south"}, "apply": { "model": "bluepower:block/cable/blulectric_cable_extended_z", "x": 90, "y": 180}},
    { "when": { "connected_left": "true", "facing": "south"}, "apply": { "model": "bluepower:block/cable/blulectric_cable_extended", "x": 90, "y": 180}},
    { "when": { "connected_right": "true", "facing": "south"}, "apply": { "model": "bluepower:block/cable/blulectric_cable_extended", "x": -90}},
    { "when": { "join_front": "true", "facing": "south"}, "apply": { "model": "bluepower:block/cable/blulectric_cable_join_z", "x": -90}},
    { "when": { "join_back": "true", "facing": "south"}, "apply": { "model": "bluepower:block/cable/blulectric_cable_join_z", "x": 90, "y": 180}},
    { "when": { "join_left": "true", "facing": "south"}, "apply": { "model": "bluepower:block/cable/blulectric_cable_join", "x": 90, "y": 180}},
    { "when": { "join_right": "true", "facing": "south"}, "apply": { "model": "bluepower:block/cable/blulectric_cable_join", "x": -90}},
    { "when": { "facing": "west"}, "apply": {"model": "bluepower:block/cable/blulectric_cable", "x": 90, "y": 270}},
    { "when": { "connected_front": "true", "facing": "west"}, "apply": { "model": "bluepower:block/cable/blulectric_cable_extended_z", "x": -90, "y": 90}},
    { "when": { "connected_back": "true", "facing": "west"}, "apply": { "model": "bluepower:block/cable/blulectric_cable_extended_z", "x": 90, "y": 270}},
    { "when": { "connected_left": "true", "facing": "west"}, "apply": { "model": "bluepower:block/cable/blulectric_cable_extended", "x": 90, "y": 270}},
    { "when": { "connected_right": "true", "facing": "west"}, "apply": { "model": "bluepower:block/cable/blulectric_cable_extended", "x": -90, "y": 90 }},
    { "when": { "join_front": "true", "facing": "west"}, "apply": { "model": "bluepower:block/cable/blulectric_cable_join_z", "x": -90, "y": 90}},
    { "when": { "join_back": "true", "facing": "west"}, "apply": { "model": "bluepower:block/cable/blulectric_cable_join_z", "x": 90, "y": 270}},
    { "when": { "join_left": "true", "facing": "west"}, "apply": { "model": "bluepower:block/cable/blulectric_cable_join", "x": 90, "y": 270}},
    { "when": { "join_right": "true", "facing": "west"}, "apply": { "model": "bluepower:block/cable/blulectric_cable_join", "x": -90, "y": 90 }}
  ]
}
