﻿{
  "multipart":  [
    {"when":{"active":"false","facing":"north","gear":"false","glider":"false"},"apply":{"model":"bluepower:block/engine/engine_base.obj","x": -90}},
    {"when":{"active":"false","facing":"south","gear":"false","glider":"false"},"apply":{"model":"bluepower:block/engine/engine_base.obj","x": 90}},
    {"when":{"active":"false","facing":"east","gear":"false","glider":"false"},"apply":{"model":"bluepower:block/engine/engine_base.obj","x": 90,"y": 90}},
    {"when":{"active":"false","facing":"west","gear":"false","glider":"false"},"apply":{"model":"bluepower:block/engine/engine_base.obj","x": -90,"y": 90}},
    {"when":{"active":"false","facing":"up","gear":"false","glider":"false"},"apply":{"model":"bluepower:block/engine/engine_base.obj","x": 180}},
    {"when":{"active":"false","facing":"down","gear":"false","glider":"false"},"apply":{"model":"bluepower:block/engine/engine_base.obj"}},
    {"when":{"gear":"true"},"apply":{"model":"bluepower:block/engine/engine_gear.obj"}},
    {"when":{"glider":"true"},"apply":{"model":"bluepower:block/engine/engine_glider.obj"}}
  ]
}