﻿{
  "multipart":  [
    {"when":{"facing":"up","rotation":0},"apply":{"model":"bluepower:block/gate_nand_blank"}},
    {"when":{"powered_left":"true","facing":"up","rotation":0},"apply":{"model":"bluepower:block/gate_nand_left_on"}},
    {"when":{"powered_left":"false","facing":"up","rotation":0},"apply":{"model":"bluepower:block/gate_nand_left"}},
    {"when":{"powered_right":"true","facing":"up","rotation":0},"apply":{"model":"bluepower:block/gate_nand_right_on"}},
    {"when":{"powered_right":"false","facing":"up","rotation":0},"apply":{"model":"bluepower:block/gate_nand_right"}},
    {"when":{"powered_front":"true","facing":"up","rotation":0},"apply":{"model":"bluepower:block/gate_nand_front_on"}},
    {"when":{"powered_front":"false","facing":"up","rotation":0},"apply":{"model":"bluepower:block/gate_nand_front"}},
    {"when":{"powered_back":"true","facing":"up","rotation":0},"apply":{"model":"bluepower:block/gate_nand_back_on"}},
    {"when":{"powered_back":"false","facing":"up","rotation":0},"apply":{"model":"bluepower:block/gate_nand_back"}},
    {"when":{"facing":"up","rotation":1},"apply":{"model":"bluepower:block/gate_nand_blank","y":90}},
    {"when":{"powered_left":"true","facing":"up","rotation":1},"apply":{"model":"bluepower:block/gate_nand_left_on","y":90}},
    {"when":{"powered_left":"false","facing":"up","rotation":1},"apply":{"model":"bluepower:block/gate_nand_left","y":90}},
    {"when":{"powered_right":"true","facing":"up","rotation":1},"apply":{"model":"bluepower:block/gate_nand_right_on","y":90}},
    {"when":{"powered_right":"false","facing":"up","rotation":1},"apply":{"model":"bluepower:block/gate_nand_right","y":90}},
    {"when":{"powered_front":"true","facing":"up","rotation":1},"apply":{"model":"bluepower:block/gate_nand_front_on","y":90}},
    {"when":{"powered_front":"false","facing":"up","rotation":1},"apply":{"model":"bluepower:block/gate_nand_front","y":90}},
    {"when":{"powered_back":"true","facing":"up","rotation":1},"apply":{"model":"bluepower:block/gate_nand_back_on","y":90}},
    {"when":{"powered_back":"false","facing":"up","rotation":1},"apply":{"model":"bluepower:block/gate_nand_back","y":90}},
    {"when":{"facing":"up","rotation":2},"apply":{"model":"bluepower:block/gate_nand_blank","y":180}},
    {"when":{"powered_left":"true","facing":"up","rotation":2},"apply":{"model":"bluepower:block/gate_nand_left_on","y":180}},
    {"when":{"powered_left":"false","facing":"up","rotation":2},"apply":{"model":"bluepower:block/gate_nand_left","y":180}},
    {"when":{"powered_right":"true","facing":"up","rotation":2},"apply":{"model":"bluepower:block/gate_nand_right_on","y":180}},
    {"when":{"powered_right":"false","facing":"up","rotation":2},"apply":{"model":"bluepower:block/gate_nand_right","y":180}},
    {"when":{"powered_front":"true","facing":"up","rotation":2},"apply":{"model":"bluepower:block/gate_nand_front_on","y":180}},
    {"when":{"powered_front":"false","facing":"up","rotation":2},"apply":{"model":"bluepower:block/gate_nand_front","y":180}},
    {"when":{"powered_back":"true","facing":"up","rotation":2},"apply":{"model":"bluepower:block/gate_nand_back_on","y":180}},
    {"when":{"powered_back":"false","facing":"up","rotation":2},"apply":{"model":"bluepower:block/gate_nand_back","y":180}},
    {"when":{"facing":"up","rotation":3},"apply":{"model":"bluepower:block/gate_nand_blank","y":270}},
    {"when":{"powered_left":"true","facing":"up","rotation":3},"apply":{"model":"bluepower:block/gate_nand_left_on","y":270}},
    {"when":{"powered_left":"false","facing":"up","rotation":3},"apply":{"model":"bluepower:block/gate_nand_left","y":270}},
    {"when":{"powered_right":"true","facing":"up","rotation":3},"apply":{"model":"bluepower:block/gate_nand_right_on","y":270}},
    {"when":{"powered_right":"false","facing":"up","rotation":3},"apply":{"model":"bluepower:block/gate_nand_right","y":270}},
    {"when":{"powered_front":"true","facing":"up","rotation":3},"apply":{"model":"bluepower:block/gate_nand_front_on","y":270}},
    {"when":{"powered_front":"false","facing":"up","rotation":3},"apply":{"model":"bluepower:block/gate_nand_front","y":270}},
    {"when":{"powered_back":"true","facing":"up","rotation":3},"apply":{"model":"bluepower:block/gate_nand_back_on","y":270}},
    {"when":{"powered_back":"false","facing":"up","rotation":3},"apply":{"model":"bluepower:block/gate_nand_back","y":270}},
    {"when":{"facing":"down","rotation":0},"apply":{"model":"bluepower:block/gate_nand_blank","x":180,"y":0}},
    {"when":{"facing":"down","rotation":3},"apply":{"model":"bluepower:block/gate_nand_blank","x":180,"y":90}},
    {"when":{"facing":"down","rotation":2},"apply":{"model":"bluepower:block/gate_nand_blank","x":180,"y":180}},
    {"when":{"facing":"down","rotation":1},"apply":{"model":"bluepower:block/gate_nand_blank","x":180,"y":270}},
    {"when":{"facing":"north","rotation":0},"apply":{"model":"bluepower:block/gate_nand_blank","x":90,"y":0}},
    {"when":{"facing":"north","rotation":1},"apply":{"model":"bluepower:block/gate_nand_blank_z","x":90,"y":0}},
    {"when":{"facing":"north","rotation":2},"apply":{"model":"bluepower:block/gate_nand_blank","x":270,"y":180}},
    {"when":{"facing":"north","rotation":3},"apply":{"model":"bluepower:block/gate_nand_blank_z","x":270,"y":-180}},
    {"when":{"facing":"south","rotation":0},"apply":{"model":"bluepower:block/gate_nand_blank","x":90,"y":180}},
    {"when":{"facing":"south","rotation":1},"apply":{"model":"bluepower:block/gate_nand_blank_z","x":90,"y":180}},
    {"when":{"facing":"south","rotation":2},"apply":{"model":"bluepower:block/gate_nand_blank","x":270,"y":0}},
    {"when":{"facing":"south","rotation":3},"apply":{"model":"bluepower:block/gate_nand_blank_z","x":270,"y":0}},
    {"when":{"facing":"east","rotation":0},"apply":{"model":"bluepower:block/gate_nand_blank","x":90,"y":90}},
    {"when":{"facing":"east","rotation":1},"apply":{"model":"bluepower:block/gate_nand_blank_z","x":90,"y":90}},
    {"when":{"facing":"east","rotation":2},"apply":{"model":"bluepower:block/gate_nand_blank","x":270,"y":270}},
    {"when":{"facing":"east","rotation":3},"apply":{"model":"bluepower:block/gate_nand_blank_z","x":270,"y":-90}},
    {"when":{"facing":"west","rotation":0},"apply":{"model":"bluepower:block/gate_nand_blank","x":90,"y":270}},
    {"when":{"facing":"west","rotation":1},"apply":{"model":"bluepower:block/gate_nand_blank_z","x":90,"y":270}},
    {"when":{"facing":"west","rotation":2},"apply":{"model":"bluepower:block/gate_nand_blank","x":270,"y":90}},
    {"when":{"facing":"west","rotation":3},"apply":{"model":"bluepower:block/gate_nand_blank_z","x":270,"y":90}},
    {"when":{"powered_left":"true","facing":"down","rotation":0},"apply":{"model":"bluepower:block/gate_nand_left_on","x":180,"y":0}},
    {"when":{"powered_left":"true","facing":"down","rotation":3},"apply":{"model":"bluepower:block/gate_nand_left_on","x":180,"y":90}},
    {"when":{"powered_left":"true","facing":"down","rotation":2},"apply":{"model":"bluepower:block/gate_nand_left_on","x":180,"y":180}},
    {"when":{"powered_left":"true","facing":"down","rotation":1},"apply":{"model":"bluepower:block/gate_nand_left_on","x":180,"y":270}},
    {"when":{"powered_left":"true","facing":"north","rotation":0},"apply":{"model":"bluepower:block/gate_nand_left_on","x":90,"y":0}},
    {"when":{"powered_left":"true","facing":"north","rotation":1},"apply":{"model":"bluepower:block/gate_nand_left_on_z","x":90,"y":0}},
    {"when":{"powered_left":"true","facing":"north","rotation":2},"apply":{"model":"bluepower:block/gate_nand_left_on","x":270,"y":180}},
    {"when":{"powered_left":"true","facing":"north","rotation":3},"apply":{"model":"bluepower:block/gate_nand_left_on_z","x":270,"y":-180}},
    {"when":{"powered_left":"true","facing":"south","rotation":0},"apply":{"model":"bluepower:block/gate_nand_left_on","x":90,"y":180}},
    {"when":{"powered_left":"true","facing":"south","rotation":1},"apply":{"model":"bluepower:block/gate_nand_left_on_z","x":90,"y":180}},
    {"when":{"powered_left":"true","facing":"south","rotation":2},"apply":{"model":"bluepower:block/gate_nand_left_on","x":270,"y":0}},
    {"when":{"powered_left":"true","facing":"south","rotation":3},"apply":{"model":"bluepower:block/gate_nand_left_on_z","x":270,"y":0}},
    {"when":{"powered_left":"true","facing":"east","rotation":0},"apply":{"model":"bluepower:block/gate_nand_left_on","x":90,"y":90}},
    {"when":{"powered_left":"true","facing":"east","rotation":1},"apply":{"model":"bluepower:block/gate_nand_left_on_z","x":90,"y":90}},
    {"when":{"powered_left":"true","facing":"east","rotation":2},"apply":{"model":"bluepower:block/gate_nand_left_on","x":270,"y":270}},
    {"when":{"powered_left":"true","facing":"east","rotation":3},"apply":{"model":"bluepower:block/gate_nand_left_on_z","x":270,"y":-90}},
    {"when":{"powered_left":"true","facing":"west","rotation":0},"apply":{"model":"bluepower:block/gate_nand_left_on","x":90,"y":270}},
    {"when":{"powered_left":"true","facing":"west","rotation":1},"apply":{"model":"bluepower:block/gate_nand_left_on_z","x":90,"y":270}},
    {"when":{"powered_left":"true","facing":"west","rotation":2},"apply":{"model":"bluepower:block/gate_nand_left_on","x":270,"y":90}},
    {"when":{"powered_left":"true","facing":"west","rotation":3},"apply":{"model":"bluepower:block/gate_nand_left_on_z","x":270,"y":90}},
    {"when":{"powered_left":"false","facing":"down","rotation":0},"apply":{"model":"bluepower:block/gate_nand_left","x":180,"y":0}},
    {"when":{"powered_left":"false","facing":"down","rotation":3},"apply":{"model":"bluepower:block/gate_nand_left","x":180,"y":90}},
    {"when":{"powered_left":"false","facing":"down","rotation":2},"apply":{"model":"bluepower:block/gate_nand_left","x":180,"y":180}},
    {"when":{"powered_left":"false","facing":"down","rotation":1},"apply":{"model":"bluepower:block/gate_nand_left","x":180,"y":270}},
    {"when":{"powered_left":"false","facing":"north","rotation":0},"apply":{"model":"bluepower:block/gate_nand_left","x":90,"y":0}},
    {"when":{"powered_left":"false","facing":"north","rotation":1},"apply":{"model":"bluepower:block/gate_nand_left_z","x":90,"y":0}},
    {"when":{"powered_left":"false","facing":"north","rotation":2},"apply":{"model":"bluepower:block/gate_nand_left","x":270,"y":180}},
    {"when":{"powered_left":"false","facing":"north","rotation":3},"apply":{"model":"bluepower:block/gate_nand_left_z","x":270,"y":-180}},
    {"when":{"powered_left":"false","facing":"south","rotation":0},"apply":{"model":"bluepower:block/gate_nand_left","x":90,"y":180}},
    {"when":{"powered_left":"false","facing":"south","rotation":1},"apply":{"model":"bluepower:block/gate_nand_left_z","x":90,"y":180}},
    {"when":{"powered_left":"false","facing":"south","rotation":2},"apply":{"model":"bluepower:block/gate_nand_left","x":270,"y":0}},
    {"when":{"powered_left":"false","facing":"south","rotation":3},"apply":{"model":"bluepower:block/gate_nand_left_z","x":270,"y":0}},
    {"when":{"powered_left":"false","facing":"east","rotation":0},"apply":{"model":"bluepower:block/gate_nand_left","x":90,"y":90}},
    {"when":{"powered_left":"false","facing":"east","rotation":1},"apply":{"model":"bluepower:block/gate_nand_left_z","x":90,"y":90}},
    {"when":{"powered_left":"false","facing":"east","rotation":2},"apply":{"model":"bluepower:block/gate_nand_left","x":270,"y":270}},
    {"when":{"powered_left":"false","facing":"east","rotation":3},"apply":{"model":"bluepower:block/gate_nand_left_z","x":270,"y":-90}},
    {"when":{"powered_left":"false","facing":"west","rotation":0},"apply":{"model":"bluepower:block/gate_nand_left","x":90,"y":270}},
    {"when":{"powered_left":"false","facing":"west","rotation":1},"apply":{"model":"bluepower:block/gate_nand_left_z","x":90,"y":270}},
    {"when":{"powered_left":"false","facing":"west","rotation":2},"apply":{"model":"bluepower:block/gate_nand_left","x":270,"y":90}},
    {"when":{"powered_left":"false","facing":"west","rotation":3},"apply":{"model":"bluepower:block/gate_nand_left_z","x":270,"y":90}},
    {"when":{"powered_right":"true","facing":"down","rotation":0},"apply":{"model":"bluepower:block/gate_nand_right_on","x":180,"y":0}},
    {"when":{"powered_right":"true","facing":"down","rotation":3},"apply":{"model":"bluepower:block/gate_nand_right_on","x":180,"y":90}},
    {"when":{"powered_right":"true","facing":"down","rotation":2},"apply":{"model":"bluepower:block/gate_nand_right_on","x":180,"y":180}},
    {"when":{"powered_right":"true","facing":"down","rotation":1},"apply":{"model":"bluepower:block/gate_nand_right_on","x":180,"y":270}},
    {"when":{"powered_right":"true","facing":"north","rotation":0},"apply":{"model":"bluepower:block/gate_nand_right_on","x":90,"y":0}},
    {"when":{"powered_right":"true","facing":"north","rotation":1},"apply":{"model":"bluepower:block/gate_nand_right_on_z","x":90,"y":0}},
    {"when":{"powered_right":"true","facing":"north","rotation":2},"apply":{"model":"bluepower:block/gate_nand_right_on","x":270,"y":180}},
    {"when":{"powered_right":"true","facing":"north","rotation":3},"apply":{"model":"bluepower:block/gate_nand_right_on_z","x":270,"y":-180}},
    {"when":{"powered_right":"true","facing":"south","rotation":0},"apply":{"model":"bluepower:block/gate_nand_right_on","x":90,"y":180}},
    {"when":{"powered_right":"true","facing":"south","rotation":1},"apply":{"model":"bluepower:block/gate_nand_right_on_z","x":90,"y":180}},
    {"when":{"powered_right":"true","facing":"south","rotation":2},"apply":{"model":"bluepower:block/gate_nand_right_on","x":270,"y":0}},
    {"when":{"powered_right":"true","facing":"south","rotation":3},"apply":{"model":"bluepower:block/gate_nand_right_on_z","x":270,"y":0}},
    {"when":{"powered_right":"true","facing":"east","rotation":0},"apply":{"model":"bluepower:block/gate_nand_right_on","x":90,"y":90}},
    {"when":{"powered_right":"true","facing":"east","rotation":1},"apply":{"model":"bluepower:block/gate_nand_right_on_z","x":90,"y":90}},
    {"when":{"powered_right":"true","facing":"east","rotation":2},"apply":{"model":"bluepower:block/gate_nand_right_on","x":270,"y":270}},
    {"when":{"powered_right":"true","facing":"east","rotation":3},"apply":{"model":"bluepower:block/gate_nand_right_on_z","x":270,"y":-90}},
    {"when":{"powered_right":"true","facing":"west","rotation":0},"apply":{"model":"bluepower:block/gate_nand_right_on","x":90,"y":270}},
    {"when":{"powered_right":"true","facing":"west","rotation":1},"apply":{"model":"bluepower:block/gate_nand_right_on_z","x":90,"y":270}},
    {"when":{"powered_right":"true","facing":"west","rotation":2},"apply":{"model":"bluepower:block/gate_nand_right_on","x":270,"y":90}},
    {"when":{"powered_right":"true","facing":"west","rotation":3},"apply":{"model":"bluepower:block/gate_nand_right_on_z","x":270,"y":90}},
    {"when":{"powered_right":"false","facing":"down","rotation":0},"apply":{"model":"bluepower:block/gate_nand_right","x":180,"y":0}},
    {"when":{"powered_right":"false","facing":"down","rotation":3},"apply":{"model":"bluepower:block/gate_nand_right","x":180,"y":90}},
    {"when":{"powered_right":"false","facing":"down","rotation":2},"apply":{"model":"bluepower:block/gate_nand_right","x":180,"y":180}},
    {"when":{"powered_right":"false","facing":"down","rotation":1},"apply":{"model":"bluepower:block/gate_nand_right","x":180,"y":270}},
    {"when":{"powered_right":"false","facing":"north","rotation":0},"apply":{"model":"bluepower:block/gate_nand_right","x":90,"y":0}},
    {"when":{"powered_right":"false","facing":"north","rotation":1},"apply":{"model":"bluepower:block/gate_nand_right_z","x":90,"y":0}},
    {"when":{"powered_right":"false","facing":"north","rotation":2},"apply":{"model":"bluepower:block/gate_nand_right","x":270,"y":180}},
    {"when":{"powered_right":"false","facing":"north","rotation":3},"apply":{"model":"bluepower:block/gate_nand_right_z","x":270,"y":-180}},
    {"when":{"powered_right":"false","facing":"south","rotation":0},"apply":{"model":"bluepower:block/gate_nand_right","x":90,"y":180}},
    {"when":{"powered_right":"false","facing":"south","rotation":1},"apply":{"model":"bluepower:block/gate_nand_right_z","x":90,"y":180}},
    {"when":{"powered_right":"false","facing":"south","rotation":2},"apply":{"model":"bluepower:block/gate_nand_right","x":270,"y":0}},
    {"when":{"powered_right":"false","facing":"south","rotation":3},"apply":{"model":"bluepower:block/gate_nand_right_z","x":270,"y":0}},
    {"when":{"powered_right":"false","facing":"east","rotation":0},"apply":{"model":"bluepower:block/gate_nand_right","x":90,"y":90}},
    {"when":{"powered_right":"false","facing":"east","rotation":1},"apply":{"model":"bluepower:block/gate_nand_right_z","x":90,"y":90}},
    {"when":{"powered_right":"false","facing":"east","rotation":2},"apply":{"model":"bluepower:block/gate_nand_right","x":270,"y":270}},
    {"when":{"powered_right":"false","facing":"east","rotation":3},"apply":{"model":"bluepower:block/gate_nand_right_z","x":270,"y":-90}},
    {"when":{"powered_right":"false","facing":"west","rotation":0},"apply":{"model":"bluepower:block/gate_nand_right","x":90,"y":270}},
    {"when":{"powered_right":"false","facing":"west","rotation":1},"apply":{"model":"bluepower:block/gate_nand_right_z","x":90,"y":270}},
    {"when":{"powered_right":"false","facing":"west","rotation":2},"apply":{"model":"bluepower:block/gate_nand_right","x":270,"y":90}},
    {"when":{"powered_right":"false","facing":"west","rotation":3},"apply":{"model":"bluepower:block/gate_nand_right_z","x":270,"y":90}},
    {"when":{"powered_front":"true","facing":"down","rotation":0},"apply":{"model":"bluepower:block/gate_nand_front_on","x":180,"y":0}},
    {"when":{"powered_front":"true","facing":"down","rotation":3},"apply":{"model":"bluepower:block/gate_nand_front_on","x":180,"y":90}},
    {"when":{"powered_front":"true","facing":"down","rotation":2},"apply":{"model":"bluepower:block/gate_nand_front_on","x":180,"y":180}},
    {"when":{"powered_front":"true","facing":"down","rotation":1},"apply":{"model":"bluepower:block/gate_nand_front_on","x":180,"y":270}},
    {"when":{"powered_front":"true","facing":"north","rotation":0},"apply":{"model":"bluepower:block/gate_nand_front_on","x":90,"y":0}},
    {"when":{"powered_front":"true","facing":"north","rotation":1},"apply":{"model":"bluepower:block/gate_nand_front_on_z","x":90,"y":0}},
    {"when":{"powered_front":"true","facing":"north","rotation":2},"apply":{"model":"bluepower:block/gate_nand_front_on","x":270,"y":180}},
    {"when":{"powered_front":"true","facing":"north","rotation":3},"apply":{"model":"bluepower:block/gate_nand_front_on_z","x":270,"y":-180}},
    {"when":{"powered_front":"true","facing":"south","rotation":0},"apply":{"model":"bluepower:block/gate_nand_front_on","x":90,"y":180}},
    {"when":{"powered_front":"true","facing":"south","rotation":1},"apply":{"model":"bluepower:block/gate_nand_front_on_z","x":90,"y":180}},
    {"when":{"powered_front":"true","facing":"south","rotation":2},"apply":{"model":"bluepower:block/gate_nand_front_on","x":270,"y":0}},
    {"when":{"powered_front":"true","facing":"south","rotation":3},"apply":{"model":"bluepower:block/gate_nand_front_on_z","x":270,"y":0}},
    {"when":{"powered_front":"true","facing":"east","rotation":0},"apply":{"model":"bluepower:block/gate_nand_front_on","x":90,"y":90}},
    {"when":{"powered_front":"true","facing":"east","rotation":1},"apply":{"model":"bluepower:block/gate_nand_front_on_z","x":90,"y":90}},
    {"when":{"powered_front":"true","facing":"east","rotation":2},"apply":{"model":"bluepower:block/gate_nand_front_on","x":270,"y":270}},
    {"when":{"powered_front":"true","facing":"east","rotation":3},"apply":{"model":"bluepower:block/gate_nand_front_on_z","x":270,"y":-90}},
    {"when":{"powered_front":"true","facing":"west","rotation":0},"apply":{"model":"bluepower:block/gate_nand_front_on","x":90,"y":270}},
    {"when":{"powered_front":"true","facing":"west","rotation":1},"apply":{"model":"bluepower:block/gate_nand_front_on_z","x":90,"y":270}},
    {"when":{"powered_front":"true","facing":"west","rotation":2},"apply":{"model":"bluepower:block/gate_nand_front_on","x":270,"y":90}},
    {"when":{"powered_front":"true","facing":"west","rotation":3},"apply":{"model":"bluepower:block/gate_nand_front_on_z","x":270,"y":90}},
    {"when":{"powered_front":"false","facing":"down","rotation":0},"apply":{"model":"bluepower:block/gate_nand_front","x":180,"y":0}},
    {"when":{"powered_front":"false","facing":"down","rotation":3},"apply":{"model":"bluepower:block/gate_nand_front","x":180,"y":90}},
    {"when":{"powered_front":"false","facing":"down","rotation":2},"apply":{"model":"bluepower:block/gate_nand_front","x":180,"y":180}},
    {"when":{"powered_front":"false","facing":"down","rotation":1},"apply":{"model":"bluepower:block/gate_nand_front","x":180,"y":270}},
    {"when":{"powered_front":"false","facing":"north","rotation":0},"apply":{"model":"bluepower:block/gate_nand_front","x":90,"y":0}},
    {"when":{"powered_front":"false","facing":"north","rotation":1},"apply":{"model":"bluepower:block/gate_nand_front_z","x":90,"y":0}},
    {"when":{"powered_front":"false","facing":"north","rotation":2},"apply":{"model":"bluepower:block/gate_nand_front","x":270,"y":180}},
    {"when":{"powered_front":"false","facing":"north","rotation":3},"apply":{"model":"bluepower:block/gate_nand_front_z","x":270,"y":-180}},
    {"when":{"powered_front":"false","facing":"south","rotation":0},"apply":{"model":"bluepower:block/gate_nand_front","x":90,"y":180}},
    {"when":{"powered_front":"false","facing":"south","rotation":1},"apply":{"model":"bluepower:block/gate_nand_front_z","x":90,"y":180}},
    {"when":{"powered_front":"false","facing":"south","rotation":2},"apply":{"model":"bluepower:block/gate_nand_front","x":270,"y":0}},
    {"when":{"powered_front":"false","facing":"south","rotation":3},"apply":{"model":"bluepower:block/gate_nand_front_z","x":270,"y":0}},
    {"when":{"powered_front":"false","facing":"east","rotation":0},"apply":{"model":"bluepower:block/gate_nand_front","x":90,"y":90}},
    {"when":{"powered_front":"false","facing":"east","rotation":1},"apply":{"model":"bluepower:block/gate_nand_front_z","x":90,"y":90}},
    {"when":{"powered_front":"false","facing":"east","rotation":2},"apply":{"model":"bluepower:block/gate_nand_front","x":270,"y":270}},
    {"when":{"powered_front":"false","facing":"east","rotation":3},"apply":{"model":"bluepower:block/gate_nand_front_z","x":270,"y":-90}},
    {"when":{"powered_front":"false","facing":"west","rotation":0},"apply":{"model":"bluepower:block/gate_nand_front","x":90,"y":270}},
    {"when":{"powered_front":"false","facing":"west","rotation":1},"apply":{"model":"bluepower:block/gate_nand_front_z","x":90,"y":270}},
    {"when":{"powered_front":"false","facing":"west","rotation":2},"apply":{"model":"bluepower:block/gate_nand_front","x":270,"y":90}},
    {"when":{"powered_front":"false","facing":"west","rotation":3},"apply":{"model":"bluepower:block/gate_nand_front_z","x":270,"y":90}},
    {"when":{"powered_back":"true","facing":"down","rotation":0},"apply":{"model":"bluepower:block/gate_nand_back_on","x":180,"y":0}},
    {"when":{"powered_back":"true","facing":"down","rotation":3},"apply":{"model":"bluepower:block/gate_nand_back_on","x":180,"y":90}},
    {"when":{"powered_back":"true","facing":"down","rotation":2},"apply":{"model":"bluepower:block/gate_nand_back_on","x":180,"y":180}},
    {"when":{"powered_back":"true","facing":"down","rotation":1},"apply":{"model":"bluepower:block/gate_nand_back_on","x":180,"y":270}},
    {"when":{"powered_back":"true","facing":"north","rotation":0},"apply":{"model":"bluepower:block/gate_nand_back_on","x":90,"y":0}},
    {"when":{"powered_back":"true","facing":"north","rotation":1},"apply":{"model":"bluepower:block/gate_nand_back_on_z","x":90,"y":0}},
    {"when":{"powered_back":"true","facing":"north","rotation":2},"apply":{"model":"bluepower:block/gate_nand_back_on","x":270,"y":180}},
    {"when":{"powered_back":"true","facing":"north","rotation":3},"apply":{"model":"bluepower:block/gate_nand_back_on_z","x":270,"y":-180}},
    {"when":{"powered_back":"true","facing":"south","rotation":0},"apply":{"model":"bluepower:block/gate_nand_back_on","x":90,"y":180}},
    {"when":{"powered_back":"true","facing":"south","rotation":1},"apply":{"model":"bluepower:block/gate_nand_back_on_z","x":90,"y":180}},
    {"when":{"powered_back":"true","facing":"south","rotation":2},"apply":{"model":"bluepower:block/gate_nand_back_on","x":270,"y":0}},
    {"when":{"powered_back":"true","facing":"south","rotation":3},"apply":{"model":"bluepower:block/gate_nand_back_on_z","x":270,"y":0}},
    {"when":{"powered_back":"true","facing":"east","rotation":0},"apply":{"model":"bluepower:block/gate_nand_back_on","x":90,"y":90}},
    {"when":{"powered_back":"true","facing":"east","rotation":1},"apply":{"model":"bluepower:block/gate_nand_back_on_z","x":90,"y":90}},
    {"when":{"powered_back":"true","facing":"east","rotation":2},"apply":{"model":"bluepower:block/gate_nand_back_on","x":270,"y":270}},
    {"when":{"powered_back":"true","facing":"east","rotation":3},"apply":{"model":"bluepower:block/gate_nand_back_on_z","x":270,"y":-90}},
    {"when":{"powered_back":"true","facing":"west","rotation":0},"apply":{"model":"bluepower:block/gate_nand_back_on","x":90,"y":270}},
    {"when":{"powered_back":"true","facing":"west","rotation":1},"apply":{"model":"bluepower:block/gate_nand_back_on_z","x":90,"y":270}},
    {"when":{"powered_back":"true","facing":"west","rotation":2},"apply":{"model":"bluepower:block/gate_nand_back_on","x":270,"y":90}},
    {"when":{"powered_back":"true","facing":"west","rotation":3},"apply":{"model":"bluepower:block/gate_nand_back_on_z","x":270,"y":90}},
    {"when":{"powered_back":"false","facing":"down","rotation":0},"apply":{"model":"bluepower:block/gate_nand_back","x":180,"y":0}},
    {"when":{"powered_back":"false","facing":"down","rotation":3},"apply":{"model":"bluepower:block/gate_nand_back","x":180,"y":90}},
    {"when":{"powered_back":"false","facing":"down","rotation":2},"apply":{"model":"bluepower:block/gate_nand_back","x":180,"y":180}},
    {"when":{"powered_back":"false","facing":"down","rotation":1},"apply":{"model":"bluepower:block/gate_nand_back","x":180,"y":270}},
    {"when":{"powered_back":"false","facing":"north","rotation":0},"apply":{"model":"bluepower:block/gate_nand_back","x":90,"y":0}},
    {"when":{"powered_back":"false","facing":"north","rotation":1},"apply":{"model":"bluepower:block/gate_nand_back_z","x":90,"y":0}},
    {"when":{"powered_back":"false","facing":"north","rotation":2},"apply":{"model":"bluepower:block/gate_nand_back","x":270,"y":180}},
    {"when":{"powered_back":"false","facing":"north","rotation":3},"apply":{"model":"bluepower:block/gate_nand_back_z","x":270,"y":-180}},
    {"when":{"powered_back":"false","facing":"south","rotation":0},"apply":{"model":"bluepower:block/gate_nand_back","x":90,"y":180}},
    {"when":{"powered_back":"false","facing":"south","rotation":1},"apply":{"model":"bluepower:block/gate_nand_back_z","x":90,"y":180}},
    {"when":{"powered_back":"false","facing":"south","rotation":2},"apply":{"model":"bluepower:block/gate_nand_back","x":270,"y":0}},
    {"when":{"powered_back":"false","facing":"south","rotation":3},"apply":{"model":"bluepower:block/gate_nand_back_z","x":270,"y":0}},
    {"when":{"powered_back":"false","facing":"east","rotation":0},"apply":{"model":"bluepower:block/gate_nand_back","x":90,"y":90}},
    {"when":{"powered_back":"false","facing":"east","rotation":1},"apply":{"model":"bluepower:block/gate_nand_back_z","x":90,"y":90}},
    {"when":{"powered_back":"false","facing":"east","rotation":2},"apply":{"model":"bluepower:block/gate_nand_back","x":270,"y":270}},
    {"when":{"powered_back":"false","facing":"east","rotation":3},"apply":{"model":"bluepower:block/gate_nand_back_z","x":270,"y":-90}},
    {"when":{"powered_back":"false","facing":"west","rotation":0},"apply":{"model":"bluepower:block/gate_nand_back","x":90,"y":270}},
    {"when":{"powered_back":"false","facing":"west","rotation":1},"apply":{"model":"bluepower:block/gate_nand_back_z","x":90,"y":270}},
    {"when":{"powered_back":"false","facing":"west","rotation":2},"apply":{"model":"bluepower:block/gate_nand_back","x":270,"y":90}},
    {"when":{"powered_back":"false","facing":"west","rotation":3},"apply":{"model":"bluepower:block/gate_nand_back_z","x":270,"y":90}}
  ]
}