﻿{
   "variants": {
      "power=0": [{"model": "bluepower:block/lamp"}],
      "power=1": [{"model": "bluepower:block/lamp_on"}],
      "power=2": [{"model": "bluepower:block/lamp_on"}],
      "power=3": [{"model": "bluepower:block/lamp_on"}],
      "power=4": [{"model": "bluepower:block/lamp_on"}],
      "power=5": [{"model": "bluepower:block/lamp_on"}],
      "power=6": [{"model": "bluepower:block/lamp_on"}],
      "power=7": [{"model": "bluepower:block/lamp_on"}],
      "power=8": [{"model": "bluepower:block/lamp_on"}],
      "power=9": [{"model": "bluepower:block/lamp_on"}],
      "power=10": [{"model": "bluepower:block/lamp_on"}],
      "power=11": [{"model": "bluepower:block/lamp_on"}],
      "power=12": [{"model": "bluepower:block/lamp_on"}],
      "power=13": [{"model": "bluepower:block/lamp_on"}],
      "power=14": [{"model": "bluepower:block/lamp_on"}],
      "power=15": [{"model": "bluepower:block/lamp_on"}]
   }
}
