{
  "variants": {
    "":{"model": "bluepower:block/manager"},
    "active=false,powered=false,rejecting=false":{"model": "bluepower:block/manager"},
    "active=true,powered=false,rejecting=false":{"model": "bluepower:block/manager_active"},
    "active=true,powered=true,rejecting=false":{"model": "bluepower:block/manager_active_powered"},
    "active=true,powered=false,rejecting=true":{"model": "bluepower:block/manager_active_rejecting"},
    "active=true,powered=true,rejecting=true":{"model": "bluepower:block/manager_active_powered_rejecting"},
    "active=false,powered=true,rejecting=false":{"model": "bluepower:block/manager_powered"},
    "active=false,powered=true,rejecting=true":{"model": "bluepower:block/manager_powered_rejecting"},
    "active=false,powered=false,rejecting=true":{"model": "bluepower:block/manager_rejecting"}
  }
}
