{
  "forge_marker": 1,
  "defaults": {
    "textures": {
      "top": "bluepower:blocks/machines/alloyfurnace_top",
      "bottom": "bluepower:blocks/machines/alloyfurnace_bottom",
      "front": "bluepower:blocks/machines/powered_alloyfurnace_front",
      "side": "bluepower:blocks/machines/powered_alloyfurnace_side",
      "particle": "bluepower:blocks/machines/alloyfurnace_side"
    },
    "model": "bluepower:cube_front",
    "uvlock": true
  },
  "variants": {
    "normal": [{}],
    "inventory": [{}],
    "active":{
      "true":{"textures": {"front": "bluepower:blocks/machines/powered_alloyfurnace_front_on"}},
      "false":{"textures": {"front": "bluepower:blocks/machines/powered_alloyfurnace_front"}}
    }
  }
}
