{
  "multipart": [
    { "when": { "active": "false"}, "apply": {"model": "bluepower:block/cable/alloywire_centre" }},
    { "when": { "active": "true"}, "apply": {"model": "bluepower:block/cable/alloywire_centre_on" }},
    { "when": { "connected_front": "true", "active": "false"}, "apply": { "model": "bluepower:block/cable/alloywire_extended","y": -90 }},
    { "when": { "connected_back": "true", "active": "false"}, "apply": { "model": "bluepower:block/cable/alloywire_extended","y": 90 }},
    { "when": { "connected_left": "true", "active": "false"}, "apply": { "model": "bluepower:block/cable/alloywire_extended","y": 180 }},
    { "when": { "connected_right": "true", "active": "false"}, "apply": { "model": "bluepower:block/cable/alloywire_extended" }},
    { "when": { "connected_front": "true", "active": "true"}, "apply": { "model": "bluepower:block/cable/alloywire_extended_on","y": -90 }},
    { "when": { "connected_back": "true", "active": "true"}, "apply": { "model": "bluepower:block/cable/alloywire_extended_on","y": 90 }},
    { "when": { "connected_left": "true", "active": "true"}, "apply": { "model": "bluepower:block/cable/alloywire_extended_on","y": 180 }},
    { "when": { "connected_right": "true", "active": "true"}, "apply": { "model": "bluepower:block/cable/alloywire_extended_on" }}
  ]
}
