{
  "variants": {
    "facing=up,active=false": { "model": "bluepower:block/relay", "x": -90 },
    "facing=down,active=false": { "model": "bluepower:block/relay", "x": 90 },
    "facing=north,active=false": { "model": "bluepower:block/relay" },
    "facing=south,active=false": { "model": "bluepower:block/relay", "y": 180 },
    "facing=west,active=false": { "model": "bluepower:block/relay", "y": 270 },
    "facing=east,active=false": { "model": "bluepower:block/relay", "y": 90 },
    "facing=up,active=true": { "model": "bluepower:block/relay", "x": -90 },
    "facing=down,active=true": { "model": "bluepower:block/relay", "x": 90 },
    "facing=north,active=true": { "model": "bluepower:block/relay_on" },
    "facing=south,active=true": { "model": "bluepower:block/relay_on", "y": 180 },
    "facing=west,active=true": { "model": "bluepower:block/relay_on", "y": 270 },
    "facing=east,active=true": { "model": "bluepower:block/relay_on", "y": 90 }
  }
}
